date,above_5pct_count,below_5pct_count,pt20_ratio,pt50_ratio
2019-06-11,0,0,,
2019-06-12,94,53,,
2019-06-13,119,50,,
2019-06-14,29,259,,
2019-06-17,81,66,,
2019-06-18,66,48,,
2019-06-19,143,11,,
2019-06-20,167,35,,
2019-06-21,248,15,,
2019-06-24,103,37,,
2019-06-25,65,88,,
2019-06-26,89,79,,
2019-06-27,130,20,,
2019-06-28,43,103,,
2019-07-01,349,5,,
2019-07-02,85,39,,
2019-07-03,42,50,,
2019-07-04,49,51,,
2019-07-05,84,36,,
2019-07-08,34,646,0.26479949077021003,
2019-07-09,92,33,0.28240887480190174,
2019-07-10,47,51,0.25942350332594233,
2019-07-11,74,36,0.2535612535612536,
2019-07-12,79,52,0.2775845716092317,
2019-07-15,128,46,0.3334385854120619,
2019-07-16,71,9,0.34626300851466413,
2019-07-17,80,14,0.3414249684741488,
2019-07-18,28,79,0.20793950850661624,
2019-07-19,73,19,0.2474032105760151,
2019-07-22,22,461,0.13563579277864993,
2019-07-23,132,25,0.189010989010989,
2019-07-24,116,1,0.26476130653266333,
2019-07-25,93,14,0.29463445246313147,
2019-07-26,61,32,0.31240188383045525,
2019-07-29,81,13,0.32548650345260516,
2019-07-30,72,5,0.4114877589453861,
2019-07-31,59,24,0.3610414052697616,
2019-08-01,76,26,0.3374098463468172,
2019-08-02,63,58,0.2469445314948292,
2019-08-05,64,44,0.19962394233782513,
2019-08-06,50,490,0.1362781954887218,
2019-08-07,94,68,0.1303666562206205,
2019-08-08,101,47,0.15391849529780563,
2019-08-09,38,67,0.13565162907268172,
2019-08-12,183,11,0.18233082706766918,
2019-08-13,57,23,0.1767471012221874,
2019-08-14,87,10,0.21291941047350266,
2019-08-15,113,8,0.23356293049467752,
2019-08-16,103,11,0.2755832037325039,
2019-08-19,397,6,0.5248911014312383,0.30964630225080386
2019-08-20,116,16,0.5670295489891135,0.3236699585855368
2019-08-21,96,40,0.5922239502332814,0.3308917197452229
2019-08-22,98,17,0.6549580354367424,0.35389507154213035
2019-08-23,85,49,0.629894344313238,0.3463616142357801
2019-08-26,85,36,0.5273461777501554,0.3215077605321508
2019-08-27,149,2,0.7668635374572583,0.3951281240113888
2019-08-28,92,50,0.7865133623368552,0.4004424778761062
2019-08-29,95,17,0.7775015537600994,0.3924170616113744
2019-08-30,66,121,0.595592799503414,0.3314411857458215
2019-09-02,269,4,0.8229457364341085,0.45634422110552764
2019-09-03,135,7,0.8443410852713178,0.5092621664050235
2019-09-04,129,15,0.8744575325480471,0.5811616954474097
2019-09-05,124,2,0.9222669557138433,0.6580928481806776
2019-09-06,110,34,0.904953560371517,0.6916562107904642
2019-09-09,267,1,0.9408668730650155,0.8224592220828105
2019-09-10,97,21,0.9408118995971491,0.849607535321821
2019-09-11,55,42,0.9151440074326417,0.8311362209667295
2019-09-12,92,16,0.9117373799938061,0.8748431618569636
2019-09-16,97,6,0.9068111455108359,0.8867983693947946
2019-09-17,50,119,0.6722376973073352,0.7219435736677116
2019-09-18,99,30,0.6659442724458204,0.7271872060206962
2019-09-19,141,16,0.7357496902106567,0.8020081581424537
2019-09-20,85,18,0.7258663366336634,0.8066436853650893
2019-09-23,82,42,0.5439356435643564,0.6962382445141065
2019-09-24,113,23,0.5478180129990715,0.7087774294670847
2019-09-25,49,207,0.3428129829984544,0.575187969924812
2019-09-26,46,528,0.18316831683168316,0.37848855440576984
2019-09-27,165,46,0.20816579028765853,0.4304075235109718
2019-09-30,30,123,0.157032457496136,0.35469819539514624
2019-10-08,120,72,0.1612503868771278,0.35502958579881655
2019-10-09,115,24,0.19220055710306408,0.4113983182809094
2019-10-10,166,6,0.2585833591091865,0.5010893246187363
2019-10-11,104,34,0.3121137206427689,0.5321728318308984
2019-10-14,155,10,0.4535063330244053,0.6690490988191423
2019-10-15,60,143,0.39345274861025326,0.575776397515528
2019-10-16,58,54,0.35701050030883263,0.5363354037267081
2019-10-17,57,28,0.35156008649984555,0.518484001242622
2019-10-18,44,50,0.2594995366079703,0.4161490683229814
2019-10-21,67,128,0.2481458590852905,0.3898726312519416
2019-10-22,126,12,0.32777262897744824,0.4511021421918659
2019-10-23,76,26,0.3051266213712168,0.40720049658597146
2019-10-24,62,37,0.32006172839506175,0.3975193798449612
2019-10-25,85,25,0.40197591849336217,0.43645381277123374
2019-10-28,269,18,0.6137696820006174,0.5494267121165168
2019-10-29,51,167,0.443381672323357,0.42950108459869846
2019-10-30,68,165,0.3214947498455837,0.34398263027295284
2019-10-31,49,152,0.2611111111111111,0.2947923124612523
2019-11-01,102,23,0.3272671190623072,0.33674418604651163
2019-11-04,85,19,0.3594327990135635,0.34583204214440655
2019-11-05,77,43,0.36548536209553156,0.3534696406443618
2019-11-06,45,59,0.30669546436285094,0.31296526054590573
2019-11-07,102,10,0.34246997228210657,0.339938080495356
2019-11-08,62,26,0.3310748383122883,0.3238390092879257
2019-11-11,32,217,0.19889162561576354,0.2271039603960396
2019-11-12,72,28,0.2113846153846154,0.23747680890538034
2019-11-13,74,29,0.21078582434514637,0.22315072732900032
2019-11-14,110,8,0.2481527093596059,0.23724095267553355
2019-11-15,51,111,0.20529393659587566,0.20160791589363017
2019-11-18,91,23,0.23209345219797112,0.21655854185974668
2019-11-19,145,3,0.3258530587150323,0.26845844918134076
2019-11-20,59,22,0.2933579335793358,0.25123609394313967
2019-11-21,49,25,0.2946236559139785,0.2529339098208771
2019-11-22,49,88,0.2489257213014119,0.21820987654320986
2019-11-25,84,148,0.27883435582822086,0.218759642085776
2019-11-26,62,34,0.28865030674846626,0.21395492435937016
2019-11-27,61,21,0.2734518700183936,0.2192034578573634
2019-11-28,51,20,0.26149601471489886,0.20945319740500462
2019-11-29,51,20,0.2773521299417714,0.2118591723285979
2019-12-02,71,20,0.2967840735068913,0.22589616810877627
2019-12-03,71,14,0.38447432762836187,0.23996294008647312
2019-12-04,62,17,0.4256425948592411,0.25200989486703773
2019-12-05,84,5,0.5869233119462267,0.2971887550200803
2019-12-06,89,15,0.6816376413076688,0.3396168108776267
2019-12-09,80,19,0.7131072410632447,0.3587762669962917
2019-12-10,124,6,0.7235474006116208,0.38454404945904175
2019-12-11,61,28,0.6986552567237164,0.3785537700865266
2019-12-12,70,20,0.6241221374045801,0.3666975594686438
2019-12-13,106,12,0.7716463414634146,0.465618254702436
2019-12-16,165,2,0.8830694275274056,0.5910070834616569
2019-12-17,118,3,0.9366433140420347,0.7226502311248074
2019-12-18,107,2,0.936986301369863,0.7281972265023112
2019-12-19,92,48,0.9409616555082166,0.7966101694915254
2019-12-20,81,65,0.9117199391171994,0.7200123342584027
2019-12-23,44,214,0.6470051687442991,0.49214659685863876
2019-12-24,192,15,0.800060771801884,0.6629732225300092
2019-12-25,106,8,0.7838905775075988,0.6670773021250385
2019-12-26,125,8,0.8246733515648739,0.7426108374384236
2019-12-27,82,59,0.7556162720097146,0.7099354044909258
2019-12-30,117,63,0.7509857446163178,0.7456949569495694
2019-12-31,103,14,0.7862340812613705,0.7926153846153846
2020-01-02,205,3,0.8926622195269861,0.8744228993536473
2020-01-03,131,24,0.8954545454545455,0.8908364083640836
2020-01-06,197,17,0.8848833686761587,0.8954810943744236
2020-01-07,186,5,0.9239854633555421,0.9339477726574501
2020-01-08,105,90,0.8144111413866182,0.8832923832923832
2020-01-09,179,28,0.9061175045427013,0.9269266195885785
2020-01-10,79,39,0.880036352620418,0.9312461632903621
2020-01-13,177,16,0.896969696969697,0.9382678132678133
2020-01-14,107,22,0.8780266343825666,0.9374808458473797
2020-01-15,87,37,0.7671108419139915,0.9188609920391917
2020-01-16,99,31,0.6734261501210653,0.8897734231475811
2020-01-17,112,49,0.6082224909310762,0.8627750611246944
2020-01-20,231,48,0.6629417094533374,0.8778625954198473
2020-01-21,127,125,0.4791792395896198,0.7689960329569728
2020-01-22,158,85,0.44782870928829915,0.7459591338822812
2020-01-23,58,731,0.2550497437443473,0.4689024390243902
2020-02-03,108,3089,0.08526664658029527,0.17904993909866018
2020-02-04,553,573,0.12676904546823245,0.20967741935483872
2020-02-05,546,5,0.16160096298525428,0.2519014298752662
2020-02-06,549,8,0.21065302437556424,0.2980535279805353
2020-02-07,383,75,0.2383388504363527,0.33191489361702126
2020-02-10,382,110,0.26608538785327723,0.3704041324825281
2020-02-11,115,164,0.24594107035478052,0.3474035833586395
2020-02-12,280,4,0.30237451157198675,0.3872534142640364
2020-02-13,121,66,0.28665865384615385,0.36418816388467373
2020-02-14,152,51,0.29296875,0.36741504854368934
2020-02-17,580,5,0.47341544007209374,0.45586897179253866
2020-02-18,341,19,0.6251126464403725,0.5112257281553398
2020-02-19,170,164,0.618547418967587,0.5077249318388367
2020-02-20,301,24,0.8337833783378338,0.5853510895883777
2020-02-21,261,7,0.886622675464907,0.6124054462934947
2020-02-24,408,32,0.8644677661169415,0.632788868723533
2020-02-25,321,26,0.7793764988009593,0.5876662636033857
2020-02-26,131,621,0.7830386574767756,0.5690540948927169
2020-02-27,226,141,0.8176100628930818,0.592749244712991
2020-02-28,64,1925,0.35369871218927823,0.3486404833836858
2020-03-02,998,6,0.6585804132973945,0.5113327289211242
2020-03-03,253,8,0.7063753367255313,0.5580060422960725
2020-03-04,235,54,0.734052111410602,0.6086430945905107
2020-03-05,310,20,0.815624064651302,0.7030211480362538
2020-03-06,161,75,0.7790419161676647,0.6885196374622357
2020-03-09,108,985,0.4947620472912302,0.4984894259818731
2020-03-10,528,89,0.5976667663775053,0.60072485653881
2020-03-11,126,132,0.5287081339712919,0.5502869223799456
2020-03-12,101,210,0.33672248803827753,0.43672606463304137
2020-03-13,146,153,0.2568011958146487,0.3740942028985507
2020-03-16,73,1159,0.14793783622235504,0.24547101449275363
2020-03-17,188,138,0.14166168559474,0.23898611949305976
2020-03-18,89,199,0.1141320585599044,0.2014475271411339
2020-03-19,225,78,0.13599761407694602,0.22567038264537512
2020-03-20,268,42,0.1722801788375559,0.26536144578313253
2020-03-23,59,1110,0.12216924910607867,0.18351383874849578
2020-03-24,272,61,0.16209773539928488,0.22178754137827264
2020-03-25,349,12,0.22265275707898657,0.2767238783498946
2020-03-26,99,136,0.20381406436233612,0.25398736081853746
2020-03-27,83,94,0.20220369267421084,0.25541516245487367
2020-03-30,83,473,0.16264521894548703,0.20126353790613719
2020-03-31,202,75,0.18533969010727055,0.20601503759398496
2020-04-01,77,111,0.15544967242406194,0.1856971153846154
2020-04-02,348,14,0.22119678475736826,0.22739561429858818
2020-04-03,107,43,0.2418106015485408,0.22829678582156804
2020-04-07,468,1,0.4587429252308609,0.3073918269230769
2020-04-08,139,55,0.5657228017883755,0.34746017433122933
2020-04-09,208,33,0.690199582960977,0.3915264423076923
2020-04-10,57,418,0.4666468135795116,0.3041128790153107
2020-04-13,113,157,0.42210306821566873,0.2975975975975976
2020-04-14,221,11,0.5963084251265257,0.34623462346234624
2020-04-15,110,60,0.5241358760429082,0.31092436974789917
2020-04-16,159,27,0.5456709312704552,0.3248426730596344
2020-04-17,133,59,0.5587273267915551,0.31716082659478884
2020-04-20,213,18,0.6237358715050565,0.3585979628520072
2020-04-21,97,32,0.530952380952381,0.34901138406231275
2020-04-22,197,20,0.6007140731925023,0.37922777611493563
2020-04-23,124,65,0.5655664585191793,0.37488789237668163
2020-04-24,64,279,0.43608799048751484,0.30950956937799046
2020-04-27,108,182,0.39738251041046996,0.2946455279688902
2020-04-28,101,468,0.29711223578445967,0.24745661280670259
2020-04-29,144,137,0.29662787227693227,0.2516496700659868
2020-04-30,399,50,0.4001196172248804,0.31950706342049895
2020-05-06,313,35,0.49910714285714286,0.37787742899850524
2020-05-07,121,43,0.4732302201070791,0.3713773528533015
2020-05-08,163,25,0.5598811292719168,0.42848611525828606
2020-05-11,133,31,0.5715983363042186,0.4386383995222454
2020-05-12,114,26,0.5537410926365796,0.43360190987764846
2020-05-13,169,19,0.5760095011876485,0.4556848701880036
2020-05-14,90,40,0.4980706441080439,0.42111541902773636
2020-05-15,132,24,0.5112692763938316,0.4388789505068575
2020-05-18,150,169,0.4652818991097923,0.42494777678304985
2020-05-19,219,18,0.5400593471810089,0.479247536578083
2020-05-20,107,111,0.4753855278766311,0.44255446135481946
2020-05-21,93,197,0.3989330171902786,0.40913160250671443
2020-05-22,80,208,0.2877442273534636,0.3366129994036971
2020-05-25,138,124,0.28812555522653244,0.33164330450342977
2020-05-26,324,23,0.41101569440331653,0.41055456171735244
2020-05-27,146,58,0.3996442336199229,0.4098507462686567
2020-05-28,94,100,0.3777383066903493,0.39516850581568747
2020-05-29,216,54,0.4183914843287995,0.419200954084675
2020-06-01,443,21,0.6455621301775148,0.5619218143837661
2020-06-02,155,77,0.7070647354419155,0.599582587954681
2020-06-03,140,32,0.676218611521418,0.5810488676996425
2020-06-04,176,57,0.6772002362669817,0.600238308013107
2020-06-05,139,87,0.6683402244536326,0.5899880810488677
2020-06-08,120,114,0.6603717910888167,0.5732578916021441
2020-06-09,133,44,0.6842570754716981,0.597441237726867
2020-06-10,110,47,0.6211674528301887,0.5545643770443057
2020-06-11,126,41,0.5466076696165192,0.521273430526629
2020-06-12,154,36,0.4958750736593989,0.4964306960142772
2020-06-15,173,90,0.46233078281341966,0.47607726597325406
2020-06-16,271,18,0.6298911444542512,0.5613670133729569
2020-06-17,173,45,0.6381288614298323,0.5794947994056464
2020-06-18,120,106,0.6478375992939099,0.586627043090639
2020-06-19,154,32,0.6781305114638448,0.5987525987525988
2020-06-22,142,55,0.64,0.5977421271538919
2020-06-23,145,45,0.5521905321964128,0.5599762470308789
2020-06-24,122,59,0.5045521292217328,0.5379821958456973
2020-06-29,131,86,0.4074074074074074,0.48143748143748144
2020-06-30,252,17,0.4958823529411765,0.5484254307783719
2020-07-01,186,41,0.5450542999706487,0.5931198102016607
2020-07-02,255,28,0.7136150234741784,0.6831653823355068
2020-07-03,245,34,0.8110328638497653,0.7691851851851852
2020-07-06,895,9,0.9234604105571848,0.8812555522653243
2020-07-07,305,23,0.9399003224860745,0.8957654723127035
2020-07-08,437,11,0.9405389572349151,0.9129920094702575
2020-07-09,554,8,0.9642857142857143,0.9349112426035503
2020-07-10,268,146,0.9587115666178624,0.9236686390532545
2020-07-13,737,22,0.9689695550351288,0.9432288586635127
2020-07-14,255,244,0.9593210418495757,0.9367985823981099
2020-07-15,146,751,0.9157155399473222,0.914327917282127
2020-07-16,44,1394,0.6068501170960188,0.7955686853766617
2020-07-17,223,143,0.5636150921322024,0.7785651018600531
2020-07-20,797,33,0.7698157355952032,0.8685764914353219
2020-07-21,239,48,0.771320093457944,0.8793510324483775
2020-07-22,217,14,0.7720631209818819,0.8849218058424314
2020-07-23,205,42,0.6792287467134093,0.8513274336283185
2020-07-24,58,1300,0.35503649635036494,0.6799410029498525
2020-07-27,217,143,0.3309982486865149,0.6618471525523754
2020-07-28,235,41,0.36941931718704407,0.7095252138012386
2020-07-29,385,1,0.4846894138232721,0.7960506926024168
2020-07-30,207,28,0.4603729603729604,0.774079528718704
2020-07-31,277,10,0.49096736596736595,0.8018256772673734
2020-08-03,628,3,0.6874453830468977,0.8728289667353547
2020-08-04,181,143,0.6451237263464338,0.8613890523837552
2020-08-05,289,34,0.6723887110852488,0.8676081200353045
2020-08-06,200,84,0.6616279069767442,0.8426470588235294
2020-08-07,141,174,0.5188953488372093,0.7761764705882352
2020-08-10,263,142,0.6287373004354136,0.81786133960047
2020-08-11,102,259,0.4815674891146589,0.7346459006758742
2020-08-12,146,219,0.4308495216004639,0.7037580739870816
2020-08-13,199,65,0.4869640787949015,0.7235104197240975
2020-08-14,155,64,0.5399305555555556,0.7564553990610329
2020-08-17,314,18,0.7030390738060781,0.8092723004694836
2020-08-18,230,18,0.7453810623556582,0.8194607268464243
2020-08-19,105,255,0.6027713625866051,0.7491207502930832
2020-08-20,76,193,0.5031736872475476,0.706588579795022
2020-08-21,191,52,0.5354671280276817,0.7235724743777452
2020-08-24,196,64,0.543384260593831,0.7444379391100703
2020-08-25,189,94,0.49596541786743514,0.7172131147540983
2020-08-26,78,397,0.3268067952778578,0.5779467680608364
2020-08-27,278,66,0.3887291546866015,0.6396607195086282
2020-08-28,215,83,0.45545977011494254,0.6892721426483485
2020-08-31,172,43,0.46352670878805285,0.6623831775700935
2020-09-01,182,35,0.4751650875681883,0.6598540145985401
2020-09-02,219,37,0.5061692969870876,0.6581021897810219
2020-09-03,95,149,0.45498853211009177,0.5849387040280211
2020-09-04,136,69,0.43717728055077454,0.5625
2020-09-07,123,254,0.3682248351018067,0.4767883211678832
2020-09-08,239,81,0.41237113402061853,0.5150189559638378
2020-09-09,64,742,0.32674118658641443,0.42761237594862817
2020-09-10,45,877,0.1276839393071858,0.24388111888111888
2020-09-11,318,55,0.1675242995997713,0.2972894199941708
2020-09-14,415,23,0.24685714285714286,0.341399416909621
2020-09-15,170,51,0.2644793152639087,0.3440046565774156
2020-09-16,105,52,0.23638437410892502,0.32140779522978474
2020-09-17,167,47,0.2542034767740097,0.32238372093023254
2020-09-18,188,45,0.3411664779161948,0.3777197563098346
2020-09-21,112,43,0.33456090651558074,0.37155297532656023
2020-09-22,67,122,0.24207248018120045,0.31322505800464034
2020-09-23,175,21,0.2821529745042493,0.33690924905769787
2020-09-24,37,323,0.16973125884016974,0.23609501738122826
2020-09-25,70,109,0.1517806670435274,0.21695111368238357
2020-09-28,57,226,0.12496465931580436,0.17057631045467708
2020-09-29,168,62,0.15942437923250563,0.19163059163059162
2020-09-30,80,47,0.16403607666290868,0.18984420080784767
2020-10-09,584,9,0.34375,0.2844380403458213
2020-10-12,519,9,0.6654463531399606,0.39020172910662826
2020-10-13,159,15,0.6783806578577453,0.39176741508347723
2020-10-14,129,54,0.5996626370536969,0.3615428900402994
2020-10-15,102,148,0.5533707865168539,0.3389928057553957
2020-10-16,113,53,0.545199326221224,0.35077630822311673
2020-10-19,83,98,0.499719416386083,0.3274920999712726
2020-10-20,166,13,0.561851332398317,0.3595634692705342
2020-10-21,66,143,0.4638452914798206,0.3357265939115451
2020-10-22,88,68,0.4286513710128707,0.32358003442340794
2020-10-23,60,210,0.336315348057031,0.2817426196617942
2020-10-26,160,50,0.3428252372975991,0.292179891148668
2020-10-27,113,77,0.3496932515337423,0.29315774405954764
2020-10-28,150,62,0.36465012545302483,0.3050071530758226
2020-10-29,130,127,0.36414253897550114,0.3096940234486703
2020-10-30,48,563,0.2440922991381707,0.2386396113175193
2020-11-02,237,118,0.2684619655746807,0.2632029688838139
2020-11-03,330,12,0.3443396226415094,0.31137724550898205
2020-11-04,115,56,0.3382312170779041,0.30692504987175834
2020-11-05,299,13,0.4255614083726088,0.36172030760467105
2020-11-06,77,193,0.38248337028824836,0.34187304298320526
2020-11-09,379,5,0.5456810631229236,0.43322014714204865
2020-11-10,103,193,0.4959867146415721,0.3927056827820187
2020-11-11,77,244,0.41715076071922547,0.35585076314301867
2020-11-12,133,73,0.4280187897209174,0.35405481774512576
2020-11-13,101,53,0.4252142659662704,0.3569613103643039
2020-11-16,265,38,0.5182421227197347,0.4082439299830604
2020-11-17,90,129,0.5067660867163767,0.3882153932901043
2020-11-18,143,59,0.5416666666666666,0.40974373415939175
2020-11-19,148,62,0.5733995584988962,0.43444006752954417
2020-11-20,168,26,0.6140060656189689,0.4542897327707454
2020-11-23,172,41,0.6267916207276737,0.4780652418447694
2020-11-24,118,42,0.6156603253377447,0.4744094488188976
2020-11-25,68,162,0.5230090934141637,0.41816647919010125
2020-11-26,89,87,0.4731774415405777,0.42031425364758696
2020-11-27,93,66,0.4682255845942228,0.427369601794728
2020-11-30,99,55,0.43572804844481144,0.4168302945301543
2020-12-01,206,13,0.5162355531095212,0.47070367255396695
2020-12-02,125,44,0.5334434351775392,0.4857062780269058
2020-12-03,96,86,0.5078404401650619,0.48586621886369996
2020-12-04,126,40,0.5209020902090209,0.49468382764409624
2020-12-07,84,53,0.43037974683544306,0.4532997762863535
2020-12-08,101,44,0.3966465090709181,0.4352317141261865
2020-12-09,62,186,0.2728021978021978,0.32645089285714285
2020-12-10,115,84,0.26593406593406593,0.32525083612040134
2020-12-11,56,201,0.21043956043956044,0.27115812917594656
2020-12-14,212,76,0.23819978046103182,0.2865074958356469
2020-12-15,119,66,0.24013157894736842,0.278502080443828
2020-12-16,86,175,0.2263013698630137,0.26371191135734073
2020-12-17,191,31,0.24383561643835616,0.2966759002770083
2020-12-18,123,62,0.25540651519299207,0.29374307862679955
2020-12-21,244,23,0.30933479332055847,0.3219822812846069
2020-12-22,92,341,0.2336986301369863,0.25997782705099776
2020-12-23,204,51,0.26964139063783193,0.2804540420819491
2020-12-24,98,317,0.22864184008762323,0.24550235261555495
2020-12-25,249,55,0.2640372500684744,0.2756711873789095
2020-12-28,148,212,0.26013143483023,0.2675705589374654
2020-12-29,154,303,0.2241049467067505,0.24702956617850236
2020-12-30,194,26,0.2592896174863388,0.2649171270718232
2020-12-31,247,25,0.323408904670855,0.3019337016574586
2021-01-04,419,32,0.4120534496863921,0.3329655172413793
2021-01-05,236,95,0.42752043596730244,0.3421560518334712
2021-01-06,147,214,0.39165985282093213,0.32368348497380756
2021-01-07,142,837,0.2963770089893762,0.2792619113191958
2021-01-08,161,202,0.2838095238095238,0.26307099614749585
2021-01-11,129,560,0.22842363190852163,0.22109030837004406
2021-01-12,254,56,0.26612244897959186,0.24786560176259984
2021-01-13,150,354,0.25468877412340307,0.2356828193832599
2021-01-14,253,236,0.2661772702555737,0.23004953219592736
2021-01-15,304,70,0.2900244631693395,0.23809523809523808
2021-01-18,352,21,0.3549701249321021,0.2678767876787679
2021-01-19,194,100,0.4007592190889371,0.26106073097004673
2021-01-20,240,25,0.4008679142934635,0.2685541506322155
2021-01-21,252,31,0.4529937686263885,0.29917582417582417
2021-01-22,178,153,0.3740870976467406,0.2740252608456892
2021-01-25,200,253,0.31936181719848566,0.2598901098901099
2021-01-26,114,278,0.2773722627737226,0.2361988464707498
2021-01-27,211,92,0.28517418309478804,0.23676268861454047
2021-01-28,81,321,0.23921251348435815,0.2092130518234165
2021-01-29,103,285,0.21341956345998384,0.19621814195670045
2021-02-01,358,172,0.26589439655172414,0.21768893756845564
2021-02-02,256,91,0.2936742934051144,0.2266630166986039
2021-02-03,130,315,0.2649273803119957,0.2112753147235906
2021-02-04,108,373,0.21549636803874092,0.19020251778872468
2021-02-05,123,423,0.19617868675995695,0.17355598138516287
2021-02-08,229,148,0.21292059219380888,0.18460695699808272
2021-02-09,348,24,0.26169983862291557,0.21237000547345375
2021-02-10,203,51,0.28594463853802743,0.22507511608850042
2021-02-18,583,83,0.4015069967707212,0.26817933296883545
2021-02-19,531,57,0.6444504165546896,0.34998634998635
2021-02-22,293,149,0.7177007789417137,0.38560130897191164
2021-02-23,162,107,0.6790984706198014,0.370299727520436
2021-02-24,110,178,0.7093833780160858,0.370299727520436
2021-02-25,132,97,0.665863453815261,0.3623740811325892
2021-02-26,124,189,0.6580074986609534,0.341861731083288
2021-03-01,446,16,0.7709003215434084,0.44907407407407407
2021-03-02,135,105,0.7542826552462527,0.42899891186071815
2021-03-03,243,17,0.8014450093658014,0.4987761762306228
2021-03-04,96,247,0.7536774538646697,0.47865107424530867
2021-03-05,159,95,0.774986638161411,0.5552838902472155
2021-03-08,105,309,0.7202030999465526,0.5080097746402389
2021-03-09,77,675,0.5181721004810262,0.38062940857297883
2021-03-10,128,176,0.3844509751536201,0.318058568329718
2021-03-11,338,9,0.5093482905982906,0.4175020319696559
2021-03-12,152,48,0.47985054710435016,0.44098538170005414
2021-03-15,122,156,0.4521460943748334,0.44847173383824723
2021-03-16,214,30,0.520628160766569,0.5136523384698567
2021-03-17,181,31,0.5512376896459942,0.5413290113452188
2021-03-18,166,34,0.5364555614688664,0.535887749595251
2021-03-19,98,100,0.5090521831735889,0.5352226720647774
2021-03-22,324,11,0.6156299840510366,0.607277628032345
2021-03-23,104,269,0.5354770130215254,0.5673491379310345
2021-03-24,97,242,0.47051009564293306,0.520463112547119
2021-03-25,130,160,0.431679490581056,0.5121097954790097
2021-03-26,234,12,0.5169671261930011,0.5609362389023406
2021-03-29,168,41,0.508878876225815,0.5521785906401291
2021-03-30,141,127,0.4301986754966887,0.4963699919333154
2021-03-31,150,107,0.46129374337221635,0.5196447793326158
2021-04-01,181,71,0.48397350993377486,0.5211078246840548
2021-04-02,197,62,0.5125761186126555,0.5385649019080893
2021-04-06,186,18,0.6228510975932293,0.6
2021-04-07,194,33,0.6715154720973288,0.635461373390558
2021-04-08,121,128,0.570446735395189,0.5979630125971589
2021-04-09,118,73,0.5508855405762623,0.6048754353067238
2021-04-12,98,284,0.42094130089899523,0.5320117867666756
2021-04-13,110,177,0.34381606765327694,0.4746987951807229
2021-04-14,218,52,0.43143989431968294,0.5378645972705378
2021-04-15,94,162,0.4335183716627016,0.533458244111349
2021-04-16,250,35,0.5829371368198627,0.6302139037433155
2021-04-19,292,25,0.6951476793248945,0.7032585470085471
2021-04-20,115,78,0.6540996572633799,0.6685363247863247
2021-04-21,125,91,0.6023176191730314,0.6293034427542034
2021-04-22,166,40,0.6106870229007634,0.6374066168623266
2021-04-23,103,139,0.4915745129015271,0.5531233315536572
2021-04-26,138,150,0.4601630291874836,0.5153292455345241
2021-04-27,118,215,0.3993677555321391,0.4612920448478377
2021-04-28,219,141,0.40352260778128285,0.4559488953952622
2021-04-29,122,157,0.3979457466420859,0.4389007470651014
2021-04-30,152,226,0.3541501976284585,0.3959946595460614
2021-05-06,226,143,0.37621422945655025,0.4133155792276964
2021-05-07,146,229,0.3479516806722689,0.39264784230154504
2021-05-10,290,100,0.3649251772118666,0.4143808255659121
2021-05-11,185,123,0.38846657929226736,0.42857142857142855
2021-05-12,254,28,0.445578231292517,0.45988310308182784
2021-05-13,120,138,0.42726560459650037,0.43463272341553966
2021-05-14,288,35,0.5180345007841087,0.494560891483152
2021-05-17,171,166,0.44531453928478204,0.4483032873806999
2021-05-18,201,42,0.4643323752286386,0.4717281656490576
2021-05-19,183,51,0.45212627184972604,0.4671087533156499
2021-05-20,164,150,0.424408014571949,0.43976701085517605
2021-05-21,168,61,0.43629745189807595,0.4412387506617258
2021-05-24,204,69,0.49362808842652794,0.46677257082340484
2021-05-25,196,34,0.5693107932379714,0.49351680338713944
2021-05-26,189,36,0.6594805194805194,0.5306716023268112
2021-05-27,233,45,0.7145822522055008,0.5517970401691332
2021-05-28,155,78,0.629149377593361,0.5253699788583509
2021-05-31,345,34,0.6748704663212435,0.5581088219757
2021-06-01,234,46,0.7194616977225673,0.5943520717867511
2021-06-02,149,180,0.6561448900388098,0.5599260823653643
2021-06-03,157,105,0.6408068269976727,0.5606540084388185
2021-06-04,171,101,0.5906976744186047,0.5491436100131752
2021-06-07,246,59,0.6050659085034893,0.5773793830740839
2021-06-08,143,129,0.5869901910170366,0.5729715489989463
2021-06-09,166,84,0.596183599793708,0.5777836272703343
2021-06-10,242,57,0.6012380706732009,0.5925828511309837
2021-06-11,146,203,0.5409793814432989,0.5526938239159002
2021-06-15,160,211,0.4461340206185567,0.4989484752891693
2021-06-16,88,308,0.3618556701030928,0.4454664914586071
2021-06-17,268,37,0.381246780010304,0.4544260572629367
2021-06-18,266,59,0.42179850553980935,0.4800420168067227
2021-06-21,339,23,0.4694508894044857,0.5147136100893326
2021-06-22,208,53,0.5100308641975309,0.5444531864673485
2021-06-23,205,47,0.5222536660663751,0.554535920293655
2021-06-24,150,196,0.4814910025706941,0.5370321905260403
2021-06-25,172,78,0.4821566110397946,0.5441714584422374
2021-06-28,270,68,0.5016679497049013,0.5453357721452835
2021-06-29,146,134,0.4074358974358974,0.4924360980699009
2021-06-30,252,41,0.4564102564102564,0.5152621967127576
2021-07-01,125,376,0.34768127081732003,0.43393275996872555
2021-07-02,127,180,0.3129164531009739,0.4127604166666667
2021-07-05,352,54,0.3907810499359795,0.46059817945383613
2021-07-06,135,153,0.4007164790174002,0.46867689108396154
2021-07-07,281,17,0.4363171355498721,0.4868728879646478
2021-07-08,199,109,0.4137490416560184,0.4517133956386293
2021-07-09,223,78,0.44518272425249167,0.4807991696938246
2021-07-12,363,30,0.5256704980842912,0.5217842323651453
2021-07-13,248,121,0.5608884350268062,0.5449598341539259
2021-07-14,145,177,0.5002553626149132,0.5155440414507773
2021-07-15,170,187,0.42087799897907097,0.4785085447954428
2021-07-16,170,107,0.41111961234378985,0.46999482669425763
2021-07-19,208,152,0.40505359877488517,0.46466476831478126
2021-07-20,185,42,0.40973992860785313,0.4615981380915438
2021-07-21,352,15,0.487127198572521,0.49444587961766984
2021-07-22,273,74,0.5157921548650025,0.5015479876160991
2021-07-23,155,249,0.44679226069246436,0.4628482972136223
2021-07-26,170,346,0.3784678035123441,0.42098478989430266
2021-07-27,101,582,0.30816170861937453,0.3744527427246974
2021-07-28,139,743,0.19776309100152517,0.2850154479917611
2021-07-29,742,7,0.2936689549961861,0.349124613800206
2021-07-30,398,132,0.3355363497712252,0.38008234688625836
2021-08-02,492,77,0.4099110546378653,0.4250064316953949
2021-08-03,238,353,0.41706883413766827,0.43407864302235927
2021-08-04,402,18,0.46954314720812185,0.4600770218228498
2021-08-05,171,151,0.4430636571138727,0.4432751540041068
2021-08-06,215,87,0.4405576679340938,0.4423076923076923
2021-08-09,341,86,0.5150747403090955,0.4706485516534222
2021-08-10,284,56,0.6016713091922006,0.5032026646169613
2021-08-11,288,56,0.6319655521783182,0.5152446835767358
2021-08-12,237,63,0.660253164556962,0.5245775729646698
2021-08-13,200,107,0.6459124272336118,0.5254671103148195
2021-08-16,222,233,0.6739185428788262,0.5372217958557176
2021-08-17,86,552,0.4669870984062737,0.4456660700588085
2021-08-18,280,66,0.5438907159119656,0.4950140628995142
2021-08-19,219,131,0.5283114256825076,0.48044978277536415
2021-08-20,155,208,0.4638888888888889,0.4611848825331971
2021-08-23,696,27,0.6441919191919192,0.5354772843287392
2021-08-24,291,71,0.6657409745013886,0.5604591836734694
2021-08-25,291,70,0.6817264008076729,0.585969387755102
2021-08-26,178,195,0.6119515885022693,0.5650955414012739
2021-08-27,240,156,0.563508064516129,0.5463576158940397
2021-08-30,322,172,0.5385584677419355,0.5360325948561243
2021-08-31,243,234,0.5333837238599143,0.5380503945024179
2021-09-01,230,432,0.5200201460589272,0.5405955713922117
2021-09-02,411,59,0.561319566859733,0.5679389312977099
2021-09-03,210,215,0.5708889448501637,0.5839267548321465
2021-09-06,322,64,0.6177285318559557,0.6242686339353855
2021-09-07,332,18,0.673376950176145,0.6582825203252033
2021-09-08,285,98,0.7085743022378678,0.6924053848107696
2021-09-09,250,122,0.6859296482412061,0.6848654139156932
2021-09-10,187,121,0.6577096936212958,0.6684437674536684
2021-09-13,310,134,0.6495983935742972,0.663029687896473
2021-09-14,178,188,0.5654791771199197,0.6097870182555781
2021-09-15,284,71,0.5725037631710989,0.6208470707583058
2021-09-16,128,398,0.47904642409033876,0.5692190669371197
2021-09-17,220,186,0.43025589563472155,0.5393002028397565
2021-09-22,339,101,0.4171270718232044,0.5267698553666582
2021-09-23,279,134,0.49171270718232046,0.5638162902816544
2021-09-24,137,427,0.3806176249058499,0.49949264332825977
2021-09-27,134,917,0.2321608040201005,0.3751269035532995
2021-09-28,267,122,0.24541572469228837,0.3861963968535905
2021-09-29,43,777,0.15838353413654618,0.2813688212927757
2021-09-30,510,11,0.2150564617314931,0.3452471482889734
2021-10-08,360,151,0.2990466633216257,0.41919959473150964
2021-10-11,158,194,0.2948846539618857,0.4149797570850202
2021-10-12,73,275,0.2374749498997996,0.34327603640040444
2021-10-13,200,173,0.249749498997996,0.3470677451971689
2021-10-14,255,53,0.27315973960941414,0.36062673742734397
2021-10-15,148,158,0.2474974974974975,0.31043192725435714
2021-10-18,276,86,0.27431857964491124,0.3260156447136008
2021-10-19,211,25,0.31615807903951976,0.3425832492431887
2021-10-20,164,71,0.31915957978989495,0.32778198334595005
2021-10-21,119,61,0.30175,0.31215330307614725
2021-10-22,126,219,0.2912815388458656,0.2738725119677501
2021-10-25,291,39,0.31784107946026985,0.29089992437610285
2021-10-26,140,103,0.3190904547726137,0.2793042601462062
2021-10-27,140,298,0.26580064951286536,0.23935500125976317
2021-10-28,123,538,0.2243573745944597,0.20684448917966783
2021-10-29,367,79,0.28550037434489645,0.2348503897410108
2021-11-01,438,89,0.3502994011976048,0.2834883136466449
2021-11-02,131,204,0.3231920199501247,0.2699648417880462
2021-11-03,174,59,0.34214463840399,0.2784333417022345
2021-11-04,353,17,0.4159600997506234,0.3185240963855422
2021-11-05,148,237,0.42119700748129674,0.3176116407425991
2021-11-08,228,69,0.45187032418952616,0.3253072485578129
2021-11-09,268,11,0.5264471057884231,0.3650275965880582
2021-11-10,182,36,0.5723552894211577,0.3935289691497366
2021-11-11,263,37,0.6603443973047167,0.4282128514056225
2021-11-12,300,24,0.6824644549763034,0.4626191670847968
2021-11-15,258,153,0.7522432701894317,0.5234512164534738
2021-11-16,148,152,0.7176675803638176,0.4853273137697517
2021-11-17,348,8,0.7686752988047809,0.5414890950112811
2021-11-18,156,125,0.7312095569935291,0.5071410674016538
2021-11-19,271,22,0.7918428251678686,0.5556112224448898
2021-11-22,315,20,0.8172550969666832,0.5730393385116512
2021-11-23,184,54,0.8229011425732737,0.5906359539308963
2021-11-24,196,52,0.8250931677018634,0.6068119208615076
2021-11-25,185,95,0.8025335320417287,0.6216216216216216
2021-11-26,189,55,0.7416149068322981,0.6028528528528528
2021-11-29,267,52,0.6506832298136646,0.5709281961471103
2021-11-30,238,52,0.7031055900621118,0.6299724793595196
2021-12-01,225,73,0.7678926441351889,0.6910182636977733
2021-12-02,122,223,0.678589170392449,0.64625
2021-12-03,183,80,0.6949068322981367,0.6796601699150425
2021-12-06,103,266,0.5063322572634715,0.5801298052920619
2021-12-07,136,265,0.42314377948845294,0.5583021223470662
2021-12-08,269,10,0.49950347567030784,0.6217228464419475
2021-12-09,200,40,0.5452965996525192,0.6823970037453183
2021-12-10,212,36,0.5616472339369883,0.6978776529338327
2021-12-13,204,44,0.5824448301512521,0.7119321018472291
2021-12-14,218,43,0.5882498760535448,0.7264103844233649
2021-12-15,178,61,0.594447198810114,0.7307692307692307
2021-12-16,224,22,0.6405552801189885,0.7707292707292708
2021-12-17,140,144,0.561199207135778,0.7098626716604245
2021-12-20,163,281,0.48191278493557976,0.6419475655430712
2021-12-21,319,42,0.568277571251549,0.7113607990012485
2021-12-22,231,71,0.6025768087215064,0.7299051422865701
2021-12-23,173,102,0.5732310737258782,0.7098703888334995
2021-12-24,112,383,0.4475507174666007,0.6121635094715853
2021-12-27,216,115,0.4719267870393272,0.6353673723536737
2021-12-28,222,78,0.5166955231263913,0.672645739910314
2021-12-29,129,77,0.49925779317169716,0.6535491905354919
2021-12-30,249,21,0.5690252350321623,0.6870019920318725
2021-12-31,190,61,0.6082652808710716,0.7066733067729084
2022-01-04,307,188,0.6653475142221122,0.7342622542921124
2022-01-05,105,364,0.5770467474647539,0.6710591745400298
2022-01-06,254,67,0.6077170418006431,0.6877951777280636
2022-01-07,95,302,0.5088976767177459,0.6314612326043738
2022-01-10,231,55,0.5598121601581809,0.6554037267080746
2022-01-11,114,142,0.5334815913021992,0.6322981366459627
2022-01-12,319,24,0.6102741417633983,0.6695652173913044
2022-01-13,112,172,0.554320987654321,0.6260869565217392
2022-01-14,241,64,0.43763892319091136,0.5695825049701789
2022-01-17,428,60,0.549407114624506,0.6190949776230731
2022-01-18,131,348,0.42493827160493824,0.5670974155069582
2022-01-19,168,109,0.46,0.570079522862823
2022-01-20,93,532,0.28955813379412493,0.44645962732919253
2022-01-21,97,300,0.23976319684262457,0.3944361649279682
2022-01-24,165,129,0.21060419235511713,0.34781529294935454
2022-01-25,36,1305,0.10579531442663379,0.17651439920556108
2022-01-26,154,118,0.11371484953132709,0.20079424174733185
2022-01-27,27,656,0.06233062330623306,0.12692117005453643
2022-01-28,283,96,0.07360905957656327,0.1494053518334985
2022-02-07,373,109,0.1277695716395864,0.1989100817438692
2022-02-08,243,103,0.20920502092050208,0.2635620510279911
2022-02-09,303,8,0.2912669126691267,0.312778603268945
2022-02-10,119,108,0.31153184165232356,0.3156721960881406
2022-02-11,86,327,0.25842144086550284,0.2581044295966345
2022-02-14,145,86,0.2574938574938575,0.25642927794263104
2022-02-15,247,57,0.26209776467698354,0.25476131585456346
2022-02-16,191,26,0.37067059690493737,0.29475766567754697
2022-02-17,132,75,0.375,0.2920375865479723
2022-02-18,181,20,0.45041728031418754,0.3253399258343634
2022-02-21,277,9,0.5981836033382425,0.37082818294190356
2022-02-22,118,101,0.507979376381046,0.3354758961681088
2022-02-23,432,36,0.6825435796710042,0.37132262051915943
2022-02-24,108,422,0.43803680981595094,0.2755808205635195
2022-02-25,184,41,0.5688005886681383,0.3105237154150198
2022-02-28,144,66,0.5652280529671407,0.32139328063241107
2022-03-01,152,33,0.6357843137254902,0.3622222222222222
2022-03-02,135,19,0.6512254901960784,0.38607751172549987
2022-03-03,145,92,0.6015682430776771,0.3903281519861831
2022-03-04,88,147,0.4737873591376776,0.3450912678835718
2022-03-07,90,253,0.33292503674669277,0.30036991368680643
2022-03-08,52,730,0.16049987748100955,0.18085368862570936
2022-03-09,128,202,0.13970588235294118,0.15967423494570582
2022-03-10,438,27,0.2075980392156863,0.21144830989390576
2022-03-11,213,65,0.23352119578534672,0.22602908553118067
2022-03-14,68,504,0.15132223310479923,0.16009852216748768
2022-03-15,47,2493,0.07560557866405676,0.0930576070901034
2022-03-16,672,24,0.12087105456324933,0.1361398325947809
2022-03-17,449,18,0.16560665362035226,0.16535433070866143
2022-03-18,298,43,0.2208904109589041,0.20196801968019681
2022-03-21,336,6,0.29706601466992666,0.24520413182488932
2022-03-22,150,131,0.3092153507699829,0.24926253687315633
2022-03-23,181,64,0.3391984359726295,0.26093366093366094
2022-03-24,126,115,0.28941579076020535,0.24987714987714987
2022-03-25,129,146,0.2778185375397408,0.245635603639046
2022-03-28,117,122,0.2731051344743276,0.2410911771934136
2022-03-29,132,98,0.2615497433390369,0.2337917485265226
2022-03-30,323,30,0.36552567237163813,0.26669941060903735
2022-03-31,131,115,0.3967710371819961,0.278801277327438
2022-04-01,158,123,0.4193154034229829,0.2798919715197643
2022-04-06,248,90,0.5200587084148728,0.33030451866404714
2022-04-07,58,324,0.3755811108392464,0.26578236305576025
2022-04-08,183,158,0.34173189823874756,0.2618521247850651
2022-04-11,107,823,0.25177391729875215,0.21351351351351353
2022-04-12,334,51,0.32852603275482767,0.25644171779141106
2022-04-13,119,417,0.2708842208109428,0.2091711623344777
2022-04-14,242,70,0.308837890625,0.23970588235294119
2022-04-15,125,366,0.23943317859760566,0.19671326956095167
2022-04-18,297,108,0.23650134375763499,0.19808541973490426
2022-04-19,170,84,0.2664224664224664,0.21933267909715407
2022-04-20,102,212,0.2333984375,0.19631901840490798
2022-04-21,57,1182,0.13323572474377746,0.12533725778758892
2022-04-22,160,355,0.13299170326988774,0.12509197939661515
2022-04-25,31,3347,0.05293974140034155,0.05518763796909492
2022-04-26,106,1312,0.04343582235236701,0.04931305201177625
2022-04-27,1137,135,0.05958485958485959,0.05964653902798233
2022-04-28,192,477,0.06619443087445041,0.06282208588957056
2022-04-29,1553,34,0.1240234375,0.09175662414131501
2022-05-05,468,42,0.1808172253486665,0.11900663880009835
2022-05-06,137,196,0.17381764992686494,0.10732663562852242
2022-05-09,296,33,0.2238478419897586,0.12423425630972801
2022-05-10,371,34,0.31246955674622506,0.15275397796817625
2022-05-11,268,49,0.36702386751095956,0.15862913096695228
2022-05-12,177,55,0.43962999026290167,0.18017135862913097
2022-05-13,229,64,0.5046251217137293,0.2009300048947626
2022-05-16,198,69,0.5526059425231369,0.2113124387855044
2022-05-17,169,129,0.5662445202143205,0.21381337252020574
2022-05-18,201,45,0.6592791037506088,0.23365172667156503
2022-05-19,189,23,0.7079883097905504,0.25998529772114676
2022-05-20,237,32,0.8382388713208465,0.3030599755201958
2022-05-23,246,37,0.8973735408560312,0.3576499388004896
2022-05-24,61,1590,0.5800729040097206,0.2305433186490455
2022-05-25,311,38,0.7619163424124513,0.2904726916482978
2022-05-26,155,83,0.7846378220709771,0.3220753793441018
2022-05-27,159,65,0.738390469243861,0.33137542829172784
2022-05-30,294,53,0.7577081815974751,0.38303593253483254
2022-05-31,299,62,0.801358234295416,0.434400195455656
2022-06-01,232,56,0.8064516129032258,0.46360527601367857
2022-06-02,416,78,0.7964580300824843,0.528937728937729
2022-06-06,419,48,0.8298594280174503,0.6050256160039034
2022-06-07,149,131,0.818952981095492,0.5832723725920507
2022-06-08,148,70,0.7891420261754726,0.5704534373476353
2022-06-09,59,278,0.6153659718856035,0.4820775420629115
2022-06-10,351,26,0.717122790021797,0.5680876979293544
2022-06-13,225,55,0.688953488372093,0.5701754385964912
2022-06-14,175,63,0.6600436152168645,0.575920058493785
2022-06-15,139,90,0.6588320814150714,0.5972222222222222
2022-06-16,234,80,0.6983280833535256,0.6465286236297199
2022-06-17,245,32,0.6727228682170543,0.6506699147381242
2022-06-20,308,76,0.7297820823244552,0.7027750730282376
2022-06-21,123,135,0.698547215496368,0.7042356377799416
2022-06-22,151,108,0.5173333333333333,0.6186647173489279
2022-06-23,454,20,0.6539113586824897,0.6971025079133187
2022-06-24,323,37,0.6986434108527132,0.7345994643291941
2022-06-27,291,41,0.720164609053498,0.7618004866180048
2022-06-28,344,41,0.7838295812152021,0.8004866180048662
2022-06-29,98,566,0.6406779661016949,0.7625304136253042
2022-06-30,277,55,0.663680387409201,0.7832116788321168
2022-07-01,178,120,0.6364296081277213,0.7792365669827377
2022-07-04,313,80,0.6642459452916969,0.789396887159533
2022-07-05,123,110,0.5707376058041113,0.7645200486026732
2022-07-06,121,147,0.4612037708484409,0.7040543821315853
2022-07-07,272,61,0.4856175972927242,0.7118932038834952
2022-07-08,160,124,0.5102731447909112,0.7230582524271845
2022-07-11,126,154,0.41054158607350094,0.6540422432629279
2022-07-12,103,258,0.29383313180169285,0.5412621359223301
2022-07-13,272,37,0.36801354947979675,0.5831108954137345
2022-07-14,332,80,0.406431334622824,0.5938409311348206
2022-07-15,133,332,0.2849891225525743,0.4626757149781871
2022-07-18,539,22,0.43402609956500726,0.5839592924642597
2022-07-19,245,45,0.5310311518956774,0.6339631782945736
2022-07-20,241,35,0.5946402704007726,0.6703003875968992
2022-07-21,143,88,0.5682915057915058,0.6418886198547216
2022-07-22,121,59,0.5320945945945946,0.6191283292978208
2022-07-25,108,197,0.46281989377112503,0.5821220930232558
2022-07-26,211,23,0.5592279855247286,0.6217917675544794
2022-07-27,260,17,0.6052568121533639,0.6409200968523002
2022-07-28,232,29,0.6587129428778019,0.662227602905569
2022-07-29,169,84,0.5967703060978549,0.6103581800580833
2022-08-01,260,40,0.6043876567020251,0.617526022754781
2022-08-02,102,1396,0.32537960954446854,0.4277414669571532
2022-08-03,171,163,0.31558660563719587,0.4116650532429816
2022-08-04,233,60,0.39773548542519876,0.4768932978466005
2022-08-05,350,72,0.4671163575042159,0.5338655055636188
2022-08-08,327,26,0.5481695568400771,0.5699080793420416
2022-08-09,188,27,0.560317842523477,0.5716013546202225
2022-08-10,196,28,0.5549132947976878,0.5698040164529398
2022-08-11,256,42,0.67043813192104,0.6294772507260407
2022-08-12,126,160,0.6587244283995186,0.6245164410058027
2022-08-15,221,36,0.6604863953768361,0.6243347847121432
2022-08-16,220,20,0.7143200962695547,0.6469308844852586
2022-08-17,170,52,0.7362214199759326,0.6633639439342678
2022-08-18,262,32,0.6843877796487852,0.6348477525374577
2022-08-19,102,342,0.5704326923076923,0.5949734171097149
2022-08-22,217,74,0.6122596153846154,0.626389560173997
2022-08-23,219,40,0.6100961538461539,0.6243654822335025
2022-08-24,57,882,0.35424176880557556,0.45612762871646123
2022-08-25,153,197,0.3599903938520653,0.4359594006766554
2022-08-26,126,175,0.35614793467819406,0.4212179797003383
2022-08-29,214,61,0.40748740100791936,0.4599033816425121
2022-08-30,114,156,0.4019678425725942,0.4490584258812168
2022-08-31,63,773,0.2581573896353167,0.3083976833976834
2022-09-01,109,99,0.239568345323741,0.2952955367913148
2022-09-02,263,33,0.2962607861936721,0.361794500723589
2022-09-05,175,59,0.3281399808245446,0.39131483715319665
2022-09-06,277,9,0.39199232797890193,0.4487334137515078
2022-09-07,214,27,0.39285714285714285,0.45671569809500845
2022-09-08,82,93,0.3497843794920939,0.41397590361445785
2022-09-09,106,80,0.364311377245509,0.41518072289156627
2022-09-13,130,42,0.3815568862275449,0.42781393106772714
2022-09-14,81,47,0.3297413793103448,0.3785542168674699
2022-09-15,46,563,0.23623743417903303,0.2895371263259402
2022-09-16,48,362,0.1368421052631579,0.18679199807182453
2022-09-19,66,165,0.11456589332695527,0.16630513376717282
2022-09-20,229,19,0.14487210136265838,0.19561551433389546
2022-09-21,83,48,0.16324091778202676,0.20539369130748855
2022-09-22,99,23,0.16491395793499045,0.19561551433389546
2022-09-23,37,240,0.12087912087912088,0.15812274368231047
2022-09-26,96,237,0.09481729161690948,0.12081829121540313
2022-09-27,406,16,0.14756446991404013,0.15856592877767084
2022-09-28,47,501,0.10188499164877117,0.1253609239653513
2022-09-29,101,103,0.10957269037956553,0.11868078960038517
2022-09-30,58,281,0.09095249462878968,0.10084235860409145
2022-10-10,83,345,0.08086832061068702,0.09230769230769231
2022-10-11,164,65,0.08995466475781437,0.0968982928588603
2022-10-12,605,21,0.15533285612025768,0.12307692307692308
2022-10-13,224,35,0.24170842281078503,0.1423076923076923
2022-10-14,456,18,0.44219308700834326,0.20509125840537945
2022-10-17,309,31,0.6150727402814214,0.25210285988944964
2022-10-18,197,23,0.6537085618888624,0.2739067755886593
2022-10-19,104,73,0.6096282173498571,0.2483189241114313
2022-10-20,151,108,0.6084366062917064,0.23871277617675313
2022-10-21,161,72,0.6160990712074303,0.24904030710172745
2022-10-24,127,177,0.5027387473207907,0.21401151631477927
2022-10-25,166,150,0.4714285714285714,0.20441458733205375
2022-10-26,484,38,0.6379228203906622,0.2849255880940951
2022-10-27,127,195,0.6447619047619048,0.2958253358925144
2022-10-28,68,1081,0.362511893434824,0.20714456964756653
2022-10-31,356,151,0.44100856327307325,0.2539568345323741
2022-11-01,537,22,0.6298763082778306,0.3342124190841525
2022-11-02,324,21,0.6995718363463368,0.3906474820143885
2022-11-03,192,45,0.7145912547528517,0.42566435240603306
2022-11-04,328,14,0.8138209451436713,0.5205741626794258
2022-11-07,194,51,0.8448030374940674,0.5636059301769488
2022-11-08,99,29,0.8224964404366397,0.5655188904830225
2022-11-09,119,34,0.8056478405315615,0.5704376943314996
2022-11-10,132,100,0.7367172675521821,0.5433691756272402
2022-11-11,208,82,0.7730614180697178,0.6121327919751612
2022-11-14,200,117,0.7200094831673779,0.5939813709099594
2022-11-15,412,16,0.851457000710732,0.7222354908048723
2022-11-16,117,63,0.8281990521327014,0.7173549773215565
2022-11-17,179,31,0.8141299193930773,0.7208024838786721
2022-11-18,107,85,0.7532005689900427,0.6735912129894938
2022-11-21,188,46,0.7574034588959963,0.6807444523979957
2022-11-22,86,195,0.6405399005446365,0.639618138424821
2022-11-23,125,145,0.530887573964497,0.6156965648854962
2022-11-24,128,29,0.5545303998107405,0.639723414401526
2022-11-25,82,131,0.4410026010877276,0.6086749285033365
2022-11-28,96,45,0.3650118203309693,0.5638399237732253
2022-11-29,338,28,0.5167769376181475,0.6907142857142857
2022-11-30,123,48,0.4942094067596313,0.6876190476190476
2022-12-01,228,44,0.5497518317182699,0.7409523809523809
2022-12-02,172,40,0.6164027416686363,0.7612473220661747
2022-12-05,192,70,0.6772286592575076,0.7806620623958085
2022-12-06,105,77,0.634665405533223,0.7667222089978577
2022-12-07,141,29,0.6174940898345154,0.7572006665079742
2022-12-08,106,57,0.5430260047281323,0.7246549262256069
2022-12-09,136,57,0.521286660359508,0.7018086625416469
2022-12-12,154,59,0.44481210115811864,0.663180413596387
2022-12-13,109,93,0.43349870068509333,0.6180175897314001
2022-12-14,114,103,0.39957466918714557,0.5952946768060836
2022-12-15,118,48,0.4201700519603212,0.6154394299287411
2022-12-16,88,128,0.35182998819362454,0.5251661918328585
2022-12-19,60,300,0.2082250059087686,0.3700712589073634
2022-12-20,64,121,0.15571833648393194,0.3335707502374169
2022-12-21,60,76,0.1532639545884579,0.3041102399619862
2022-12-22,66,132,0.1221067548417572,0.2498813478879924
2022-12-23,91,129,0.1088547815820543,0.23772241992882562
2022-12-26,423,15,0.1400897708480983,0.266429418742586
2022-12-27,159,58,0.1962219598583235,0.29218009478672985
2022-12-28,69,55,0.16162570888468808,0.2542091534266066
2022-12-29,107,59,0.16359773371104816,0.2395734597156398
2022-12-30,112,22,0.21506137865911237,0.2661768191514577
2023-01-03,490,18,0.3611045551097475,0.3425728500355366
2023-01-04,132,41,0.44939844302901627,0.38334122101277807
2023-01-05,162,24,0.5377180575200378,0.4115002366303833
2023-01-06,127,63,0.55031817110535,0.3909133932796971
2023-01-09,162,17,0.6318642469950507,0.4188357785139612
2023-01-10,106,10,0.6073951954780971,0.4010404350910381
2023-01-11,78,63,0.5282618935468676,0.3428706550011823
2023-01-12,90,32,0.553722902921772,0.3432694582446179
2023-01-13,129,29,0.6128120584079133,0.37133396404919583
2023-01-16,190,33,0.754414881092536,0.4536643026004728
2023-01-17,122,32,0.7292206263244644,0.4571023398723706
2023-01-18,94,33,0.7614786908405934,0.5030732860520094
2023-01-19,135,39,0.7890275488580174,0.5657210401891253
2023-01-20,79,21,0.8487058823529412,0.6494918458993146
2023-01-30,258,31,0.8776182631207343,0.7592811539371009
2023-01-31,118,63,0.8714689265536724,0.7767265846736046
2023-02-01,255,9,0.9021176470588236,0.8501182033096927
2023-02-02,150,24,0.9108445071747824,0.8600803592531316
2023-02-03,117,14,0.882173095014111,0.8358138436097331
2023-02-06,106,47,0.8436397836821068,0.8063297118564006
2023-02-07,154,26,0.846262341325811,0.8323494687131051
2023-02-08,92,51,0.8067246649423936,0.8006613131790269
2023-02-09,195,15,0.8577809120827457,0.8443552196504488
2023-02-10,65,40,0.8368594264221909,0.8451003541912633
2023-02-13,220,6,0.8768507638072855,0.8734655335221907
2023-02-14,85,38,0.8709753231492362,0.8737016052880076
2023-02-15,159,9,0.824953007518797,0.8506018409251829
2023-02-16,53,267,0.5882076579750999,0.7548371873525248
2023-02-17,90,143,0.5095137420718816,0.741448454824251
2023-02-20,224,22,0.6473350551772716,0.7963224893917963
2023-02-21,93,18,0.6708147452453628,0.8236265031832115
2023-02-22,108,10,0.6392018779342723,0.8193822211742513
2023-02-23,76,47,0.5844094857947875,0.8074475606881923
2023-02-24,65,26,0.5211267605633803,0.7901060070671378
2023-02-27,61,42,0.3740905890636001,0.73934542029668
2023-02-28,100,12,0.48850305021116847,0.7857311043089239
2023-03-01,169,10,0.6044110746128578,0.8128090416764775
2023-03-02,89,63,0.5581613508442776,0.7808896210873146
2023-03-03,89,27,0.5401031894934334,0.7851764705882353
2023-03-06,134,23,0.525686136523575,0.7905389503412568
2023-03-07,33,126,0.29345531315974666,0.6559190397740645
2023-03-08,118,8,0.34795870483341157,0.6834549305718993
2023-03-09,102,16,0.38165611072015015,0.676
2023-03-10,48,96,0.26905934787708186,0.5583254938852305
2023-03-13,164,19,0.30028129395218,0.5400705052878966
2023-03-14,102,58,0.24566338490389122,0.4437132784958872
2023-03-15,132,24,0.3150620754275006,0.5099835564951845
2023-03-16,58,114,0.22768798313422348,0.4041353383458647
2023-03-17,202,29,0.28561387066541705,0.43491541353383456
2023-03-20,136,103,0.2692758378251699,0.4017395392571697
2023-03-21,193,24,0.35582103537128135,0.482021151586369
2023-03-22,165,33,0.4208059981255858,0.5101081335213916
2023-03-23,148,27,0.4344262295081967,0.4965938454310547
2023-03-24,114,47,0.43515917602996257,0.49178017848755284
2023-03-27,172,43,0.4288389513108614,0.4678252700798497
2023-03-28,108,150,0.38895389655979407,0.4349459840300611
2023-03-29,120,48,0.36172204024333177,0.3986851373561869
2023-03-30,115,82,0.3430776426566885,0.3813101667057995
2023-03-31,179,32,0.4258306036499766,0.41108762038994595
2023-04-03,274,25,0.5024561403508772,0.4388066713648109
2023-04-04,141,101,0.42903904606032267,0.406198638177976
2023-04-06,201,81,0.414542903904606,0.39305001173984505
2023-04-07,223,21,0.49859681945743684,0.42964529011040636
2023-04-10,104,288,0.4181860682561945,0.39173320807891027
2023-04-11,149,43,0.4260341201215237,0.39624413145539905
2023-04-12,242,22,0.47990654205607475,0.41915043417038256
2023-04-13,125,131,0.44452230787199254,0.3999061253226942
2023-04-14,175,50,0.4700934579439252,0.41619718309859155
2023-04-17,142,140,0.4860948819817714,0.42709556233857715
2023-04-18,98,75,0.4342750408592108,0.39629282027217266
2023-04-19,134,40,0.3881363848668846,0.38136587655479937
2023-04-20,182,95,0.3551249124445482,0.36367902393242607
2023-04-21,55,753,0.23592618547068442,0.26895095048110773
2023-04-24,132,193,0.21503618958673826,0.25082121069920227
2023-04-25,109,451,0.17674527200560355,0.2141684259910861
2023-04-26,326,229,0.20303738317757009,0.22428370126820105
2023-04-27,195,191,0.23633815973843997,0.23692235514895613
2023-04-28,498,89,0.33208693620004676,0.2870892018779343
2023-05-04,308,188,0.4146170063246662,0.3195294117647059
2023-05-05,119,161,0.3766051832827457,0.3033075299085151
2023-05-08,206,59,0.40789166472099,0.3295028142589118
2023-05-09,84,219,0.34571361831347813,0.2940624266604084
2023-05-10,160,66,0.37255358807082944,0.3059596433599249
2023-05-11,140,60,0.4127649662240857,0.325046904315197
2023-05-12,68,146,0.36516068933395435,0.3090269636576788
2023-05-15,188,63,0.41662785281788545,0.3300515705578997
2023-05-16,89,151,0.3891992551210428,0.3083411433926898
2023-05-17,175,34,0.4612700628053036,0.35369850187265917
2023-05-18,188,26,0.5045338293420135,0.3738295880149813
2023-05-19,130,66,0.5296304903555659,0.3717828731867103
2023-05-22,136,55,0.5768068789216826,0.399859616284511
2023-05-23,61,101,0.5152148664343786,0.3500935453695042
2023-05-24,103,33,0.486185279777107,0.3380084151472651
2023-05-25,111,61,0.4794520547945205,0.3474299065420561
2023-05-26,176,70,0.5013934045517882,0.3680766534236971
2023-05-29,129,72,0.44945386939344645,0.3469721767594108
2023-05-30,141,46,0.46595398559144785,0.3700327255726975
2023-05-31,115,59,0.4331861491982338,0.35670874240299205
2023-06-01,139,72,0.44493494423791824,0.36161757830762037
2023-06-02,198,73,0.5213754646840149,0.3926150969852769
2023-06-05,143,39,0.5581881533101045,0.4219626168224299
2023-06-06,68,212,0.3272178355782629,0.2996027109137649
2023-06-07,144,42,0.36443825441039923,0.32616822429906545
2023-06-08,94,120,0.33813283790060383,0.31082028511334425
2023-06-09,215,62,0.3553853296193129,0.3375379584209297
2023-06-12,238,56,0.4271461716937355,0.3735699276208265
2023-06-13,153,38,0.4534694824785333,0.40098085007006073
2023-06-14,155,40,0.4576467857971687,0.4033162073797291
2023-06-15,218,80,0.49478079331941544,0.4107893507706679
2023-06-16,185,47,0.5568181818181818,0.44197992061639035
2023-06-19,204,43,0.5017389288198469,0.42507002801120447
2023-06-20,140,66,0.45793742757821554,0.40350058343057177
2023-06-21,78,321,0.33086190917516217,0.3400837988826816
2023-06-26,84,427,0.24212233549582948,0.2676908752327747
2023-06-27,272,31,0.36245654692931634,0.34155995343422585
2023-06-28,86,112,0.37233549582947173,0.3479981378026071
2023-06-29,205,28,0.4474050046339203,0.3922253258845438
2023-06-30,181,28,0.5576655859194072,0.45706306725622525
2023-07-03,155,85,0.6381106737670758,0.49941846941149104
2023-07-04,171,28,0.6576388888888889,0.522093023255814
2023-07-05,80,71,0.6176266481609993,0.5012781780153381
2023-07-06,86,32,0.5878815911193339,0.49709639953542395
2023-07-07,55,64,0.5536292186777624,0.4766658927327606
2023-07-10,108,65,0.5651872399445215,0.4904784022294473
2023-07-11,145,27,0.6402312138728323,0.5296167247386759
2023-07-12,89,141,0.5226537216828478,0.46377148165350673
2023-07-13,177,40,0.6152068407672753,0.5242628279544926
2023-07-14,123,66,0.5687543332562977,0.5049918736939866
2023-07-17,109,79,0.5339648798521257,0.49779531213738687
2023-07-18,79,49,0.5501386321626618,0.5092850510677809
2023-07-19,59,28,0.5330254041570439,0.5049895567417034
2023-07-20,52,148,0.4310782729161856,0.4321503131524008
2023-07-21,61,94,0.4182448036951501,0.42542333565298074
2023-07-24,69,44,0.39335180055401664,0.4218097447795824
2023-07-25,263,15,0.5461467466543609,0.5386221294363257
2023-07-26,76,78,0.4885813148788927,0.5033619290517042
2023-07-27,57,67,0.43334870848708484,0.4711337815905402
2023-07-28,168,35,0.492619926199262,0.5173852573018081
2023-07-31,157,57,0.5501498731842287,0.5489923558026407
2023-08-01,84,67,0.5380535055350554,0.5412227883279296
2023-08-02,70,27,0.5145295202952029,0.5282538212135248
2023-08-03,62,33,0.4927369149181462,0.5153899560286971
2023-08-04,107,20,0.49147072383586904,0.5177042351307568
2023-08-07,76,86,0.4326878745965883,0.47003008562832677
2023-08-08,64,51,0.40954136897902743,0.4573015505669984
2023-08-09,52,69,0.3205807789813321,0.4036102753992131
2023-08-10,67,34,0.35576036866359445,0.42757982415548357
2023-08-11,31,87,0.1923963133640553,0.30966697502312673
2023-08-14,82,34,0.20783410138248848,0.32123034227567066
2023-08-15,51,62,0.18701059419622293,0.30658959537572256
2023-08-16,47,70,0.15519226341238776,0.2755432269995377
2023-08-17,143,5,0.2134960847535698,0.3260115606936416
2023-08-18,54,156,0.15104766290582547,0.27346278317152106
2023-08-21,51,64,0.1321971441731921,0.241793804900601
2023-08-22,141,67,0.14249539594843463,0.2300046232085067
2023-08-23,53,160,0.11553509781357883,0.18141899699560896
2023-08-24,115,103,0.11645569620253164,0.16917032586087358
2023-08-25,45,352,0.08929804372842348,0.14213080656343888
2023-08-28,174,73,0.13756613756613756,0.19685767097966728
2023-08-29,1103,15,0.36585365853658536,0.31215341959334564
2023-08-30,232,71,0.4641049240681086,0.33564333564333565
2023-08-31,79,91,0.43327197422917624,0.3011547344110854
2023-09-01,83,61,0.45801702323441457,0.3161662817551963
2023-09-04,175,21,0.6310947562097516,0.4029540733902608
2023-09-05,67,49,0.5929671339921857,0.3674740484429066
2023-09-06,166,32,0.6239944840266606,0.4035977859778598
2023-09-07,39,121,0.48034934497816595,0.2944431634770579
2023-09-08,114,50,0.4847161572052402,0.3156559833986627
2023-09-11,152,48,0.6189381751321535,0.3805350553505535
2023-09-12,72,39,0.6266942338617045,0.3765275536084851
2023-09-13,50,73,0.48415250344510796,0.29928522019829373
2023-09-14,61,66,0.3967853042479908,0.2663131196679733
2023-09-15,87,45,0.4251263206247129,0.2801475674429329
2023-09-18,103,47,0.5275608635737253,0.3331796172469449
2023-09-19,47,52,0.3862227324913892,0.2842323651452282
2023-09-20,36,47,0.3076923076923077,0.2508068234209313
2023-09-21,41,31,0.21344962129905898,0.21064761465775525
2023-09-22,245,16,0.37089740647234337,0.3042175616501498
2023-09-25,78,39,0.3044077134986226,0.3023738188522701
2023-09-26,67,46,0.26584022038567495,0.2690624280119788
2023-09-27,110,38,0.30991735537190085,0.29111008751727313
2023-09-28,136,25,0.44936854190585535,0.3649769585253456
2023-10-09,128,109,0.3841561423650976,0.3374798433540659
2023-10-10,104,55,0.35651974288337923,0.3274988484569323
2023-10-11,137,39,0.40449954086317724,0.3485267034990792
2023-10-12,119,32,0.4768135904499541,0.3821362799263352
2023-10-13,111,39,0.3899472113839798,0.34898710865561694
2023-10-16,122,87,0.3379215416379904,0.32681242807825084
2023-10-17,84,72,0.33516861665519615,0.3271974229176254
2023-10-18,60,95,0.21523634694814134,0.24695051783659377
2023-10-19,56,138,0.17358404035771613,0.21555095468138946
2023-10-20,72,175,0.12861072902338377,0.17479300827966882
2023-10-23,56,285,0.09124254928931683,0.13382386755575995
2023-10-24,391,32,0.15317587709240998,0.19222809841342836
2023-10-25,245,45,0.25882622650160475,0.2475293036083659
2023-10-26,135,65,0.30307198532783125,0.26959319696621464
2023-10-27,382,65,0.47501146263182026,0.35532061595035624
2023-10-30,358,68,0.6035313001605136,0.43343297309726375
2023-10-31,85,111,0.5762090304836122,0.43244485294117646
2023-11-01,90,41,0.6008249312557287,0.4563619660082683
2023-11-02,64,75,0.5169569202566453,0.41318327974276525
2023-11-03,215,15,0.6458190148911799,0.47084481175390264
2023-11-06,344,4,0.8121559633027523,0.5820689655172414
2023-11-07,147,4,0.8214121962402567,0.5997242647058824
2023-11-08,144,23,0.8109532538955087,0.6084959816303099
2023-11-09,73,111,0.7948188904172397,0.5920055134390075
2023-11-10,79,66,0.7787712058688675,0.5776297657326597
2023-11-13,129,20,0.8336388634280477,0.6406429391504018
2023-11-14,121,6,0.8526581118240146,0.6544202066590127
2023-11-15,128,20,0.8973183589273436,0.6945337620578779
2023-11-16,69,38,0.8293969273102499,0.6413143382352942
2023-11-17,144,20,0.843685537474215,0.6878732200275609
2023-11-20,185,14,0.8561282932416953,0.7412764003673095
2023-11-21,94,77,0.8279890059551076,0.7218269451457425
2023-11-22,79,99,0.6530004580852038,0.6511361028230434
2023-11-23,111,70,0.7536065949164186,0.7214318494722349
2023-11-24,55,95,0.5623712520027466,0.6412844036697247
2023-11-27,114,79,0.5406271457999542,0.6370098601238248
2023-11-28,115,26,0.6267734553775743,0.6869983948635634
2023-11-29,71,40,0.5192219679633867,0.6448062371015822
2023-11-30,66,61,0.41876430205949655,0.609722540701674
2023-12-01,168,22,0.4659038901601831,0.6441183214858978
2023-12-04,99,40,0.4652173913043478,0.6426605504587156
2023-12-05,53,108,0.2617848970251716,0.5043577981651376
2023-12-06,111,47,0.314115762983299,0.5278605824352213
2023-12-07,86,65,0.28352402745995425,0.5048165137614679
2023-12-08,93,102,0.20489366567573747,0.4138010087116002
2023-12-11,147,25,0.2739538074548365,0.49025899610359847
2023-12-12,82,7,0.32479414455626715,0.517193947730399
2023-12-13,71,24,0.29766803840877915,0.4914049965619986
2023-12-14,63,49,0.29851428571428573,0.4766269477543538
2023-12-15,63,43,0.264,0.4443171402383135
2023-12-18,60,81,0.18637091241710496,0.356406142562457
2023-12-19,75,49,0.18832951945080093,0.3543577981651376
2023-12-20,51,99,0.14821591948764867,0.30605226960110044
2023-12-21,94,33,0.19807868252516012,0.33929390187987163
2023-12-22,59,197,0.14318389752973468,0.25492893168271435
2023-12-25,96,77,0.14344543582704186,0.22833562585969738
2023-12-26,71,75,0.12551440329218108,0.1846929422548121
2023-12-27,112,44,0.15317786922725193,0.20989917506874428
2023-12-28,362,30,0.3132006405856783,0.28846594817702365
2023-12-29,211,15,0.49405578417924095,0.38671248568155786
2024-01-02,98,60,0.5603566529492455,0.42323556370302473
2024-01-03,64,99,0.5312,0.4019248395967003
2024-01-04,71,33,0.5026285714285714,0.38725939505041246
2024-01-05,39,162,0.364945155393053,0.29553264604810997
2024-01-08,46,151,0.20680987202925047,0.20361887311039853
2024-01-09,93,43,0.2709618460132511,0.2457627118644068
2024-01-10,65,100,0.23458200091365922,0.20810439560439561
2024-01-11,197,13,0.3534384281471327,0.2674604991985345
2024-01-12,57,62,0.3397304089559059,0.24685138539042822
2024-01-15,82,36,0.3232807859264336,0.24959926723150905
2024-01-16,58,18,0.295568752855185,0.23643854428931105
2024-01-17,38,216,0.16145238638958667,0.15747310597390707
2024-01-18,98,54,0.13695503309746634,0.1363532372454816
2024-01-19,58,137,0.11661341853035144,0.11644932509723176
2024-01-22,21,3232,0.048825005703855805,0.060827806997484565
2024-01-23,131,69,0.05840748345881816,0.06883146581294305
2024-01-24,242,18,0.09854014598540146,0.09169906242853876
2024-01-25,1009,12,0.2009122006841505,0.1465142857142857
2024-01-26,89,129,0.22554161915621437,0.16019195612431444
2024-01-29,47,670,0.16077537058152794,0.12248628884826325
2024-01-30,26,522,0.10353477765108324,0.08777142857142857
2024-01-31,34,2127,0.06773090079817559,0.06994285714285714
2024-02-01,61,200,0.05952109464082098,0.064
2024-02-02,46,1905,0.05086678832116788,0.05235482395976223
2024-02-05,44,3261,0.047217153284671534,0.047325102880658436
2024-02-06,1662,421,0.10439936175062685,0.07563985374771481
2024-02-07,739,1160,0.17908407382091593,0.11217729038153987
2024-02-08,2757,13,0.24584187742082478,0.13205391820881882
2024-02-19,1236,34,0.29049897470950103,0.1386794608179118
2024-02-20,263,3,0.3167008430166325,0.14119259766963674
2024-02-21,260,9,0.3902939166097061,0.1528095020557332
2024-02-22,457,1,0.5138952164009112,0.17332724366293675
2024-02-23,636,4,0.7107061503416856,0.19872087711283692
2024-02-26,292,10,0.8567198177676537,0.21379625399725902
2024-02-27,509,6,0.9523917995444191,0.30105070808588397
2024-02-28,41,2618,0.5886104783599089,0.1927820922795797
2024-02-29,951,4,0.8437357630979498,0.29100045682960257
2024-03-01,250,28,0.9022779043280182,0.332800365463682
2024-03-04,240,28,0.9015945330296128,0.34368577300753594
2024-03-05,96,108,0.8428603962650877,0.3187942452614752
2024-03-06,200,11,0.9041002277904328,0.33873915029693924
2024-03-07,117,141,0.875626423690205,0.3103448275862069
2024-03-08,243,21,0.8792985652470964,0.35083314311800956
2024-03-11,370,11,0.9435208380778866,0.43267914194431767
2024-03-12,226,34,0.9382969034608379,0.49874515172256445
2024-03-13,157,23,0.8975643068518097,0.510837326032398
2024-03-14,101,64,0.8568502503413746,0.4835766423357664
2024-03-15,214,10,0.8907352606419303,0.5573807894136437
2024-03-18,314,6,0.9264571948998178,0.6711547238703788
2024-03-19,121,31,0.8825671370050068,0.6754105839416058
2024-03-20,203,4,0.8843614841793763,0.7536496350364964
2024-03-21,172,33,0.8515820623719553,0.7718978102189781
2024-03-22,115,114,0.7138629638060551,0.6603558394160584
2024-03-25,79,547,0.5087639426360119,0.5291970802919708
2024-03-26,173,114,0.5076257682676986,0.5479014598540146
2024-03-27,61,990,0.25443786982248523,0.3755129958960328
2024-03-28,431,9,0.37960855712335,0.5069523592432186
2024-03-29,238,51,0.49510585021625314,0.6119471044231646
2024-04-01,387,16,0.6703071672354949,0.77461257976299
2024-04-02,153,86,0.6343572241183163,0.7675478577939836
2024-04-03,118,175,0.5558589306029579,0.7313126709206929
2024-04-08,121,532,0.3781569965870307,0.5869218500797448
2024-04-09,257,41,0.4606460418562329,0.6834434069687998
2024-04-10,74,264,0.3277979981801638,0.5563652926440447
2024-04-11,140,71,0.3452353877643848,0.5682076975631974
2024-04-12,130,137,0.3042983852626791,0.5127504553734062
2024-04-15,110,1451,0.2299818016378526,0.36984741516738784
2024-04-16,39,2698,0.1437670609645132,0.23047141881120473
2024-04-17,2436,4,0.22025028441410693,0.3469248291571754
2024-04-18,155,56,0.24181073703366698,0.3507173764518333
2024-04-19,161,97,0.25068243858052774,0.3468458209974949
2024-04-22,160,233,0.25051194539249144,0.3266514806378132
2024-04-23,208,122,0.2273037542662116,0.3273348519362187
2024-04-24,387,30,0.2985889849795175,0.380041011619959
2024-04-25,146,81,0.33507853403141363,0.3892433910665451
2024-04-26,370,70,0.46115288220551376,0.44571167883211676
2024-04-29,794,39,0.7072226019594441,0.5990877993158494
2024-04-30,128,197,0.6554161915621437,0.5412006391234878
2024-05-06,457,21,0.7996361155333181,0.63683970856102
2024-05-07,180,31,0.8335228564930635,0.656648451730419
2024-05-08,111,108,0.7510807736063708,0.5649202733485194
2024-05-09,201,30,0.8478508073686605,0.6402550091074681
2024-05-10,100,130,0.7848533090743689,0.581056466302368
2024-05-13,111,245,0.6464968152866242,0.5045558086560364
2024-05-14,165,52,0.7133439418049556,0.5417709993170954
2024-05-15,82,78,0.6456818181818181,0.4986345015930815
2024-05-16,160,42,0.6670454545454545,0.5196814562002275
2024-05-17,260,35,0.7255169279709157,0.5766606005459509
2024-05-20,189,88,0.7375483284057311,0.5906193078324226
2024-05-21,65,93,0.6063636363636363,0.5271899886234357
2024-05-22,155,37,0.6032719836400818,0.5477707006369427
2024-05-23,60,193,0.3278800272665303,0.41287534121929026
2024-05-24,86,184,0.24562599409225175,0.3705641492265696
2024-05-27,166,86,0.28113636363636363,0.40750853242320817
2024-05-28,90,109,0.2148215503523528,0.35494880546075086
2024-05-29,93,63,0.21964529331514324,0.3711879836140191
2024-05-30,79,147,0.18644838562983174,0.33568502503413744
2024-05-31,103,55,0.22055479763528876,0.35707783340919436
2024-06-03,80,262,0.16799272561945897,0.29032992036405003
2024-06-04,107,200,0.1778080945884493,0.28168373151308307
2024-06-05,54,187,0.13272727272727272,0.22383985441310283
2024-06-06,38,1235,0.09681818181818182,0.17402183803457688
2024-06-07,435,66,0.10279736183761656,0.18142499430912815
2024-06-11,193,45,0.12397634212920837,0.19034608378870674
2024-06-12,158,19,0.1575,0.21747042766151045
2024-06-13,127,63,0.17045454545454544,0.20946099613372754
2024-06-14,88,83,0.17582916855974556,0.21004773812230051
2024-06-17,94,43,0.19086571233810498,0.2028194633924511
2024-06-18,171,23,0.25903203817314246,0.23778131393498522
2024-06-19,86,58,0.2421626533393912,0.2243181818181818
2024-06-20,73,229,0.17723244717109748,0.18208683791770858
2024-06-21,83,80,0.1767780049988639,0.18163218913389406
2024-06-24,46,1052,0.09745570195365742,0.12227272727272727
2024-06-25,102,121,0.08570129574903387,0.10982264665757162
2024-06-26,605,18,0.15606542480690594,0.14496705294251305
2024-06-27,51,147,0.1086116791638264,0.11795454545454545
2024-06-28,116,49,0.15606542480690594,0.1383776414451261
2024-07-01,167,51,0.22272727272727272,0.14685155717208456
2024-07-02,94,62,0.29197909566007724,0.13818181818181818
2024-07-03,83,120,0.2556237218813906,0.11704545454545455
2024-07-04,25,316,0.1154020899591095,0.08725289706884799
2024-07-05,153,41,0.15444015444015444,0.09725062485798681
2024-07-08,52,274,0.09820413730393271,0.07778030475324084
2024-07-09,391,31,0.16219900045433894,0.10934303250738804
2024-07-10,114,141,0.15580286168521462,0.1075
2024-07-11,589,11,0.35112423347717464,0.14113636363636364
2024-07-12,99,56,0.36066318419259596,0.14272727272727273
2024-07-15,70,112,0.25340599455040874,0.12588048170870256
2024-07-16,118,27,0.27702089009990916,0.13474210406725745
2024-07-17,53,180,0.24716038164470694,0.11525346669697659
2024-07-18,106,29,0.26640926640926643,0.12042717564189957
2024-07-19,135,33,0.3162199000454339,0.13068181818181818
2024-07-22,117,28,0.33984552476147206,0.14181818181818182
2024-07-23,66,264,0.197592550533727,0.10477272727272727
2024-07-24,57,165,0.15671133318192143,0.09136363636363637
2024-07-25,101,56,0.17582916855974556,0.09911343487156171
2024-07-26,211,24,0.28230751760163525,0.12318181818181818
2024-07-29,131,29,0.3214447978191731,0.14094112298249603
2024-07-30,136,26,0.4080381471389646,0.16477272727272727
2024-07-31,837,18,0.7801498977969566,0.3032507388042737
2024-08-01,113,13,0.7553384825079509,0.3309074368887878
2024-08-02,72,141,0.6512261580381471,0.2805182996135485
2024-08-05,64,540,0.4003178928247048,0.18640600136394636
2024-08-06,198,42,0.5659477866061294,0.28704545454545455
2024-08-07,107,56,0.5716231555051078,0.2918181818181818
2024-08-08,89,117,0.5578756241488879,0.3078845716882527
2024-08-09,69,73,0.49069450748978666,0.2799363780958873
2024-08-12,82,119,0.41761234679981846,0.25607816405362416
2024-08-13,89,28,0.48093508851566047,0.30902067711883663
2024-08-14,75,32,0.40535633227417156,0.2826630311292888
2024-08-15,106,22,0.5021556614476969,0.35256701499318494
2024-08-16,105,78,0.4132062627637849,0.3086531910061322
2024-08-19,102,94,0.40240581025873806,0.313721035892776
2024-08-20,53,113,0.22986158384388472,0.23001816530426886
2024-08-21,90,62,0.20127070569548447,0.21707538601271573
2024-08-22,53,175,0.14389468906037223,0.16488757665228254
2024-08-23,98,131,0.1427598729005901,0.1589825119236884
2024-08-26,157,55,0.1820245120290513,0.20054508289802409
2024-08-27,78,177,0.14412165229232865,0.1696955929123126
2024-08-28,94,84,0.17048808172531216,0.18904794364917063
2024-08-29,206,41,0.2785471055618615,0.25221540558963873
2024-08-30,300,6,0.48104426787741206,0.3715064758009543
2024-09-02,68,257,0.33900999091734785,0.29347578995226187
2024-09-03,118,19,0.4198455949137148,0.33636363636363636
2024-09-04,60,60,0.3819255222524977,0.3084090909090909
2024-09-05,115,26,0.49364214350590374,0.3756818181818182
2024-09-06,61,108,0.317366628830874,0.278118609406953
2024-09-09,74,55,0.3045650692709516,0.27960900204591954
2024-09-10,99,46,0.3738360208948444,0.31234371448056375
2024-09-11,66,56,0.33136631865637767,0.2910040890504316
2024-09-12,64,33,0.33931003177485247,0.28185328185328185
2024-09-13,70,97,0.2451202905129369,0.2373381785146491
2024-09-18,86,91,0.22189416307063367,0.20636363636363636
2024-09-19,241,14,0.4348615524285066,0.3220531455825573
2024-09-20,90,27,0.39659477866061293,0.3146297137664698
2024-09-23,100,36,0.41534271448025417,0.3256870315693845
2024-09-24,788,10,0.7974137931034483,0.5404178019981835
2024-09-25,150,12,0.8605442176870748,0.6257376305038583
2024-09-26,843,4,0.9517006802721089,0.8123014071720381
2024-09-27,1786,1,0.9888888888888889,0.957103949160236
2024-09-30,4337,1,0.9975034044484793,0.9963652885052249
2024-10-08,2726,3,0.997047467635703,0.996362809729484
2024-10-09,99,3829,0.9902383654937571,0.9827233462150489
2024-10-10,234,359,0.9920562868815251,0.985909090909091
2024-10-11,77,1499,0.9820658342792281,0.968401909524892
2024-10-14,739,8,0.9891057648660917,0.9838636363636364
2024-10-15,105,133,0.9750397095529839,0.9700068166325835
2024-10-16,246,71,0.9682467679745974,0.9677492618669089
2024-10-17,176,119,0.9419501133786848,0.9564131668558457
2024-10-18,820,2,0.9743706055794965,0.9772933696639419
2024-10-21,514,22,0.9616693127693354,0.9768392370572208
2024-10-22,330,129,0.9764065335753176,0.9852373381785147
2024-10-23,238,85,0.9741320626276379,0.9845559845559846
2024-10-24,176,135,0.9525862068965517,0.9841017488076311
2024-10-25,545,5,0.95643294758339,0.9840981372103589
2024-10-28,725,29,0.9534514078110808,0.9863605364855649
2024-10-29,187,395,0.8530547354076766,0.9809004092769441
2024-10-30,310,123,0.7439800090867787,0.9727024567788899
2024-10-31,476,34,0.7406902815622162,0.9677199363491703
2024-11-01,156,1215,0.5022706630336058,0.9599909070243237
2024-11-04,491,85,0.6656072644721907,0.9718181818181818
2024-11-05,723,3,0.874971636033583,0.9806905951840073
2024-11-06,331,50,0.8711141366008622,0.9770558836892321
2024-11-07,614,49,0.9387199273717658,0.9840909090909091
2024-11-08,317,88,0.9344225096437486,0.9818223131106567
2024-11-11,754,45,0.9455040871934605,0.9818099135970896
2024-11-12,166,256,0.9259931895573212,0.9775
2024-11-13,207,90,0.9169125993189557,0.9811363636363636
2024-11-14,69,578,0.7174307762142533,0.9688707112019995
2024-11-15,117,470,0.4394283121597096,0.9616170792641381
2024-11-18,168,790,0.2741093714545042,0.9325306678782371
2024-11-19,546,53,0.44091630755273303,0.9554950045413261
2024-11-20,434,2,0.6054421768707483,0.9641479464488314
2024-11-21,210,45,0.5915173508732139,0.9602814344076259
2024-11-22,112,1126,0.2599228850079383,0.8592827961870178
2024-11-25,343,86,0.3649353594919483,0.8758229284903519
2024-11-26,140,254,0.3145124716553288,0.8343168406718112
2024-11-27,358,56,0.38239963710591973,0.8930760499432463
2024-11-28,185,66,0.41479464488314044,0.8573699750170338
2024-11-29,304,44,0.5071412378145546,0.8928976628091673
2024-12-02,441,27,0.6588795645271036,0.9144154370034052
2024-12-03,199,69,0.6665910637332728,0.9037457434733258
2024-12-04,129,189,0.5268768428215015,0.8394641235240691
2024-12-05,322,41,0.6198141011108592,0.844338552303154
2024-12-06,262,62,0.7305511453844409,0.8730987514188422
2024-12-09,200,82,0.7197640117994101,0.8371564842153078
2024-12-10,272,31,0.7872533454298026,0.8454029511918275
2024-12-11,380,53,0.8571104558856883,0.8651838402178847
2024-12-12,304,42,0.8927194375141756,0.8806173399909215
2024-12-13,150,220,0.7183034701746428,0.7678166137085792
2024-12-16,195,201,0.622252435984591,0.7213151927437642
2024-12-17,57,1256,0.3110405803672637,0.572952121624688
2024-12-18,238,68,0.3513145965548504,0.5993647912885662
2024-12-19,185,112,0.3398322375878486,0.5893829401088929
2024-12-20,246,46,0.4029005211874009,0.6301587301587301
2024-12-23,59,1602,0.1888032638259293,0.35276769509981853
2024-12-24,214,61,0.2428020856948538,0.41456773315180395
2024-12-25,67,305,0.20231344976185076,0.32077185017026105
2024-12-26,271,21,0.22501699524133242,0.3573049001814882
2024-12-27,147,74,0.2539106778508275,0.4019518837948252
2024-12-30,112,139,0.2443284936479129,0.34590052237111063
2024-12-31,68,537,0.1546134663341646,0.24194280526554698
2025-01-02,117,336,0.10226757369614513,0.18982742960944596
2025-01-03,70,1394,0.06778508274767626,0.11963677639046538
2025-01-06,143,238,0.06801178871004307,0.11259931895573212
2025-01-07,468,42,0.09585316111488783,0.13793103448275862
2025-01-08,150,33,0.11284840244731476,0.14360254083484575
2025-01-09,166,44,0.11755379388448471,0.1494669993195736
2025-01-10,75,556,0.09084730403262348,0.11343012704174228
2025-01-13,135,120,0.08994109651110105,0.10730490018148821
2025-01-14,1613,1,0.2319365798414496,0.1828078929462463
2025-01-15,107,52,0.23714609286523217,0.1760036289408029
2025-01-16,147,26,0.29467723669309176,0.18956916099773244
2025-01-17,147,77,0.34246885617214046,0.19659863945578232
2025-01-20,186,47,0.49818758495695514,0.22907688818326152
2025-01-21,185,60,0.48335974643423135,0.24416232146905464
2025-01-22,92,143,0.40439013351436975,0.22229775662814413
2025-01-23,97,86,0.4261145055442408,0.21776569227283027
2025-01-24,260,40,0.5663496376811594,0.25396825396825395
2025-01-27,88,301,0.5491394927536232,0.224767520979814
2025-02-05,337,137,0.628254471360652,0.24467120181405896
2025-02-06,480,10,0.7842915346310547,0.3386219401631913
2025-02-07,237,4,0.860601946141661,0.39981867633726204
2025-02-10,384,14,0.891201085727211,0.49320344358858176
2025-02-11,151,53,0.8710407239819005,0.47564015409018806
2025-02-12,251,5,0.8846153846153846,0.5303579519710013
2025-02-13,115,137,0.8446052929201538,0.4509626274065685
2025-02-14,232,66,0.8023071703234562,0.4583144540099683
2025-02-17,315,46,0.8201129943502825,0.525684544014483
2025-02-18,92,511,0.575819209039548,0.3937542430414121
2025-02-19,472,3,0.7216448260280163,0.5073546051142792
2025-02-20,274,26,0.7485314053321284,0.5655125594025797
2025-02-21,317,15,0.7422051513782196,0.5868778280542987
2025-02-24,223,113,0.770117540687161,0.6249434133091897
2025-02-25,152,63,0.6865671641791045,0.5944293478260869
2025-02-26,279,9,0.7745873841284197,0.6745923913043478
2025-02-27,187,106,0.7659430122116689,0.6812415043044857
2025-02-28,71,1043,0.42618132489260685,0.5206068840579711
2025-03-03,205,136,0.4585123219534253,0.5672859084730403
2025-03-04,253,57,0.5697490391137238,0.6490711372904395
2025-03-05,199,24,0.5201266395296246,0.6394742805347836
2025-03-06,366,10,0.6567873303167421,0.7182044887780549
2025-03-07,157,71,0.5650305360778104,0.6912964641885766
2025-03-10,179,69,0.6114001357159013,0.720988213961922
2025-03-11,165,28,0.6341022161917684,0.7536823022886925
2025-03-12,206,23,0.6656864962678127,0.763652843870383
2025-03-13,96,271,0.5412615871580375,0.7297848244620612
2025-03-14,300,37,0.7230386615419399,0.8407701019252548
2025-03-17,180,37,0.7609138204026238,0.8610922275096307
2025-03-18,182,20,0.7771751412429379,0.8691715708465368
2025-03-19,117,70,0.7155776622202126,0.8546195652173914
2025-03-20,138,56,0.6769161202803528,0.8448822463768116
2025-03-21,88,347,0.5118697716482026,0.7554901516866651
2025-03-24,119,392,0.37341772151898733,0.6358080579447714
2025-03-25,128,191,0.3742372881355932,0.6166553518895678
2025-03-26,178,25,0.44384180790960454,0.667571848834578
2025-03-27,130,125,0.4185310734463277,0.6401900882552614
2025-03-28,77,179,0.2981464737793852,0.5360941389454628
2025-03-31,100,172,0.20311793944871215,0.41877828054298644
2025-04-01,213,43,0.29778581111613195,0.5002262443438914
2025-04-02,114,41,0.2977185452902643,0.4970601537765717
2025-04-03,97,206,0.2828100293652586,0.46472184531886024
2025-04-07,43,4144,0.05220338983050848,0.09615384615384616
2025-04-08,575,780,0.08404880253050158,0.1257918552036199
2025-04-09,598,30,0.11901535682023487,0.16169154228855723
2025-04-10,546,3,0.1565040650406504,0.2055166176803075
2025-04-11,292,73,0.16986672690309465,0.21704725299570427
2025-04-14,302,12,0.22317596566523606,0.26000452181777073
2025-04-15,130,70,0.2376863985539991,0.25949367088607594
2025-04-16,76,123,0.22425474254742547,0.2376863985539991
2025-04-17,182,24,0.25925925925925924,0.2542372881355932
2025-04-18,116,127,0.25287875366899976,0.24926553672316384
2025-04-21,370,32,0.36131798691040395,0.2841653489948046
2025-04-22,167,72,0.4150304671631686,0.30863081789426117
2025-04-23,253,104,0.4932279909706546,0.3050847457627119
2025-04-24,126,123,0.45442238267148016,0.29252315337700474
2025-04-25,148,106,0.5254007676676451,0.3096745027124774
2025-04-28,120,258,0.42518618821936355,0.2559873474920922
2025-04-29,205,108,0.5407725321888412,0.2860696517412935
2025-04-30,243,84,0.626612355736592,0.3072043497961033
2025-05-06,509,13,0.7995032738767216,0.4267631103074141
2025-05-07,179,15,0.8458587226359738,0.47062810664256666
2025-05-08,185,29,0.848860816602752,0.5301558617573978
2025-05-09,85,124,0.7825890843482183,0.4705217980573752
2025-05-12,214,24,0.8073973838520523,0.5369324599051276
2025-05-13,117,41,0.8058624577226606,0.5293586269196026
2025-05-14,135,26,0.8067643742953777,0.5458446251129178
2025-05-15,92,116,0.715445321307779,0.47887960243957534
2025-05-16,155,32,0.7104847801578354,0.4996611700926135
2025-05-19,204,38,0.7465583389754006,0.5543748586931947
2025-05-20,196,47,0.7918358141632837,0.605512878445549
2025-05-21,122,69,0.7450361010830325,0.5827305605786618
2025-05-22,86,115,0.5837471783295711,0.5074626865671642
2025-05-23,98,120,0.43421349582487023,0.4403254972875226
2025-05-26,165,40,0.5024819494584838,0.49513904589645036
2025-05-27,146,33,0.49988715865493116,0.5115332428765265
2025-05-28,131,73,0.44288939051918735,0.4951368468672246
2025-05-29,286,42,0.5825812274368231,0.5864797648654759
2025-05-30,91,204,0.42518618821936355,0.5248756218905473
2025-06-03,212,34,0.47549130336571044,0.5665459483929379
2025-06-04,206,44,0.5540266185427476,0.6180790960451977
2025-06-05,180,77,0.5858335213173923,0.6520560325350203
2025-06-06,129,85,0.5972034280559314,0.6557488140953242
2025-06-09,238,24,0.6851726472579553,0.7123163841807909
2025-06-10,119,80,0.5693348365276212,0.6552269135244976
2025-06-11,140,54,0.6345807033363391,0.698645598194131
2025-06-12,157,33,0.608793686583991,0.6897719575524949
2025-06-13,108,232,0.4032912533814247,0.5897493790923459
2025-06-16,198,29,0.4618157242622212,0.6269465132024373
2025-06-17,107,99,0.45632597928860874,0.6317095173658096
2025-06-18,113,82,0.4070238631247186,0.6005863779882724
2025-06-19,75,200,0.26232830443593785,0.48003609293931876
2025-06-20,100,145,0.2278766043683855,0.4248985115020298
2025-06-23,244,23,0.31973862100045064,0.5087996389891697
2025-06-24,296,66,0.5305248929939176,0.6304985337243402
2025-06-25,203,42,0.6206352782158143,0.6839612000902323
2025-06-26,120,33,0.5722647456100856,0.6392333709131905
2025-06-27,139,54,0.6212564737671695,0.6685456595264938
2025-06-30,260,13,0.7021180712032447,0.7198285585382359
2025-07-01,192,44,0.734790446146913,0.7288517933679224
2025-07-02,130,118,0.7116467672899301,0.7126099706744868
2025-07-03,157,44,0.7511261261261262,0.7282363554352729
2025-07-04,87,93,0.6617117117117117,0.6770410464591791
2025-07-07,176,40,0.7034451700067552,0.7046223224351748
2025-07-08,198,21,0.8005858494817485,0.7622377622377622
2025-07-09,111,25,0.7791535344439442,0.742560865644725
2025-07-10,133,64,0.7814047726249437,0.7515779981965734
2025-07-11,150,51,0.799054905490549,0.7661108607480848
2025-07-14,177,61,0.8080126040963314,0.7782285327924273
2025-07-15,138,120,0.6906798739306619,0.7053651938683498
2025-07-16,144,47,0.7239360504390903,0.7467869222096956
2025-07-17,190,16,0.7656988521269412,0.7813345356176736
2025-07-18,137,31,0.7541647906348492,0.7907553551296506
2025-07-21,318,23,0.8201665541300923,0.8415238954012624
2025-07-22,227,47,0.7984234234234234,0.8366794495826754
2025-07-23,126,112,0.7210715893741558,0.8036076662908681
2025-07-24,216,32,0.7930646250844404,0.847767253044655
2025-07-25,180,88,0.7940580688723835,0.8489970700924048
2025-07-28,199,46,0.798875140607424,0.8474881730119396
2025-07-29,187,24,0.7615194425713644,0.8260184559981995
2025-07-30,128,87,0.6940197841726619,0.8115713642503377
2025-07-31,128,98,0.48424842484248426,0.7120324470482199
2025-08-01,169,62,0.5231773177317732,0.742000901306895
2025-08-04,253,31,0.6015308419630797,0.7828635851183765
2025-08-05,171,39,0.6910441044104411,0.8208248816768087
2025-08-06,209,38,0.7246344206974128,0.8348355114916629
2025-08-07,153,41,0.7026540710751237,0.8279279279279279
2025-08-08,152,88,0.677013045434098,0.8177927927927928
2025-08-11,293,11,0.7843489993253879,0.8590407565863544
2025-08-12,159,47,0.7525286581254215,0.859747861323728
2025-08-13,253,12,0.7548909377108163,0.8579148840351273
2025-08-14,106,208,0.5175359712230215,0.7663214768122467
2025-08-15,347,18,0.6467281313244884,0.8263904526007656
2025-08-18,387,16,0.7363922627080521,0.8578828828828828
2025-08-19,223,60,0.7806248595189931,0.8768849876209768
2025-08-20,222,74,0.8299977512930066,0.9038721296713192
2025-08-21,125,117,0.8448392174499663,0.9119765871229176
2025-08-22,261,25,0.8389925792669215,0.9106258442143179
2025-08-25,341,22,0.8754496402877698,0.9309025433265812
2025-08-26,184,74,0.8801708633093526,0.9333633498424133
2025-08-27,116,359,0.5755056179775281,0.806030603060306
2025-08-28,300,57,0.5593258426966292,0.7732283464566929
2025-08-29,214,120,0.518660071942446,0.7319378798109386
2025-09-01,350,38,0.5469874100719424,0.7571460724735539
2025-09-02,110,476,0.4243650258485053,0.6644914491449145
2025-09-03,103,283,0.29746124466412044,0.5227170490328386
2025-09-04,98,400,0.2475848124017075,0.4870641169853768
2025-09-05,532,24,0.35744776454729277,0.589201349831271
2025-09-08,313,56,0.45562794877555607,0.6617183985605039
2025-09-09,116,122,0.40556927913766,0.6058902877697842
2025-09-10,152,38,0.40175162811587695,0.5973471223021583
2025-09-11,339,9,0.4821388452033251,0.6592442645074224
2025-09-12,174,44,0.45407590388502134,0.6398381294964028
2025-09-15,182,40,0.43855313412716246,0.6134472678210029
2025-09-16,260,15,0.5128032345013477,0.6593974820143885
2025-09-17,213,31,0.5376319928106044,0.6548234765010119
2025-09-18,161,115,0.3891260390923388,0.5489093771081628
2025-09-19,131,126,0.3709278813749719,0.5228243759838093
2025-09-22,247,64,0.369579869692204,0.49718911625815154
2025-09-23,135,153,0.31633340822287126,0.43030575539568344
2025-09-24,282,42,0.38907619689817935,0.4844804318488529
2025-09-25,142,73,0.3775280898876405,0.45221497638857655
2025-09-26,116,236,0.32321870083164755,0.4190283400809717
2025-09-29,222,36,0.3935237238587812,0.45837083708370835
2025-09-30,214,30,0.42365639757139645,0.4616422947131609
2025-10-09,359,96,0.48076490438695163,0.4938104884087328
2025-10-10,147,341,0.4762761412187992,0.49414941494149417
2025-10-13,201,80,0.4241402562373567,0.45996401259559155
2025-10-14,122,387,0.3830074173971679,0.42375168690958165
2025-10-15,283,37,0.4769611148572713,0.47560152912075554
2025-10-16,101,99,0.3994607953268928,0.4272870307934367
2025-10-17,68,539,0.2649898944531776,0.3185800943608178
2025-10-20,216,41,0.3329588856436756,0.3609799955046078
2025-10-21,262,17,0.4630420130307796,0.4457181389076197
2025-10-22,112,74,0.46753538530667266,0.4405484378512025
2025-10-23,115,83,0.5024707996406109,0.4613483146067416
2025-10-24,256,56,0.5330188679245284,0.47292743203774434
2025-10-27,229,48,0.6097506178386879,0.49887640449438203
2025-10-28,168,87,0.591501798561151,0.49370220422852
2025-10-29,226,67,0.5879973027646662,0.49561502136271646
2025-10-30,122,201,0.4703370786516854,0.43435251798561153
2025-10-31,243,123,0.5624719101123595,0.4705485611510791
2025-11-03,218,58,0.6132075471698113,0.5213483146067416
2025-11-04,97,107,0.5496406109613656,0.48977298269273994
2025-11-05,182,25,0.5879577623006066,0.5220323741007195
2025-11-06,219,59,0.6186516853932584,0.5419383854283787
2025-11-07,158,53,0.6023825578781749,0.5440845704003598
2025-11-10,236,64,0.6588050314465409,0.5868734547089234
2025-11-11,167,56,0.6552885695037054,0.6026966292134831
2025-11-12,142,123,0.6066457117198024,0.5791956863626151
2025-11-13,269,11,0.6588103254769921,0.6180633565490901
2025-11-14,148,134,0.6130190796857463,0.5953718265558301
2025-11-17,208,64,0.5867564534231201,0.5924511345764997
2025-11-18,102,206,0.48305274971941636,0.5325842696629214
2025-11-19,119,145,0.3475431904868746,0.45889487870619944
2025-11-20,96,118,0.2870287253141831,0.41707865168539326
2025-11-21,50,1196,0.12808434275459848,0.22524141028520098
2025-11-24,292,79,0.16670406102759705,0.27534277365700155
2025-11-25,237,18,0.2298540965207632,0.33663143692376885
2025-11-26,140,86,0.21082173327346207,0.3124156545209177
2025-11-27,148,61,0.22456770716370986,0.3266591676040495
2025-11-28,232,18,0.29582210242587603,0.3915391539153915
2025-12-01,193,37,0.3688230008984726,0.42574257425742573
2025-12-02,96,40,0.33370761284527284,0.4057155715571557
2025-12-03,114,103,0.2883105227731658,0.3728356195187767
2025-12-04,106,106,0.2520197486535009,0.33318335208098987
2025-12-05,237,30,0.34763081068942286,0.38023412877082396
2025-12-08,256,18,0.41840628507295174,0.4072907290729073
2025-12-09,118,80,0.36835016835016837,0.36962879640044993
2025-12-10,143,33,0.38257745846430175,0.35576057605760575
2025-12-11,81,200,0.2882801975752133,0.28982898289828984
2025-12-12,210,92,0.33610051604218083,0.2961547110411513
2025-12-15,160,108,0.3311659192825112,0.30298943582827603
2025-12-16,88,278,0.2603139013452915,0.24741573033707864
2025-12-17,224,77,0.30986547085201793,0.2750561797752809
2025-12-18,129,64,0.3264620210620659,0.27958679541881876
2025-12-19,225,27,0.4373458865725174,0.3401482812851045
2025-12-22,240,42,0.4896860986547085,0.36435153967183637
2025-12-23,133,110,0.4210762331838565,0.34367273544616767
2025-12-24,250,19,0.5248878923766817,0.39020004495392224
2025-12-25,233,14,0.6290900941281936,0.44070080862533695
2025-12-26,183,31,0.5948913287026664,0.4304962946328318
2025-12-29,172,106,0.5672043010752689,0.4162550516389762
2025-12-30,156,95,0.5289108023307934,0.4132973944294699
2025-12-31,170,55,0.5333930972658001,0.40678346810422283
2026-01-05,437,48,0.6956326987681971,0.49988776655443323
2026-01-06,320,19,0.801747311827957,0.5722945666816345
2026-01-07,288,44,0.7741935483870968,0.5606910477899932
2026-01-08,306,35,0.8250448028673835,0.6232046678635548
2026-01-09,398,28,0.8691463141384719,0.6810325476992144
2026-01-12,693,26,0.8937934125028008,0.7492704826038159
2026-01-13,168,427,0.8504148912312177,0.7148955290945855
2026-01-14,321,63,0.8226059654631083,0.7130337078651685
2026-01-15,175,231,0.792964373739637,0.7083520431073193
2026-01-16,259,185,0.748320644872369,0.6928427193179268
2026-01-19,340,88,0.809438604339074,0.7615419094576423
2026-01-20,154,195,0.7663760339816678,0.7578405017921147
2026-01-21,283,57,0.7697294880393472,0.7678691463141385
2026-01-22,246,41,0.7981671881984801,0.8088729554111584
2026-01-23,421,30,0.8431284916201117,0.8440860215053764
2026-01-26,206,378,0.730829420970266,0.8083818915284626
2026-01-27,226,79,0.6673373574782026,0.7642312864186463
2026-01-28,241,131,0.5805586592178771,0.7281488121918422
2026-01-29,212,243,0.502122905027933,0.6958762886597938
2026-01-30,196,249,0.4642378185069289,0.6686841515355302
2026-02-02,76,713,0.28440571939231457,0.5414612281488121
2026-02-03,467,13,0.396112600536193,0.6290900941281936
2026-02-04,211,101,0.45109423849933006,0.6712206047032475
2026-02-05,100,209,0.39245030154121063,0.6326164874551972
2026-02-06,147,65,0.39186773905272565,0.6307416535962357
2026-02-09,355,15,0.5092737430167598,0.7079784849843119
2026-02-10,165,64,0.5012285012285013,0.7087813620071685
2026-02-11,126,78,0.4918472191199464,0.6939278512211516
2026-02-12,191,56,0.4407233757535164,0.6607702642185401
2026-02-13,83,103,0.36229618047799866,0.6117831541218638
2026-02-24,364,109,0.509825815096025,0.6721898790864308
2026-02-25,263,35,0.6058981233243967,0.7096774193548387
2026-02-26,231,34,0.5939245030154121,0.696528555431131
2026-02-27,244,39,0.6500669941938365,0.7179314976494291
2026-03-02,253,371,0.4748715657806567,0.596730855351545
2026-03-03,125,1279,0.28695846359982136,0.43160958137452426
2026-03-04,152,120,0.27171243581156507,0.39982090888739646
2026-03-05,273,59,0.32723214285714286,0.4482990152193375
2026-03-06,306,40,0.4328125,0.5195793242336093
2026-03-09,135,129,0.36894936426500113,0.4717192041135703
2026-03-10,335,39,0.4755743921481151,0.539906103286385
2026-03-11,163,31,0.45484949832775917,0.5206703910614525
2026-03-12,160,94,0.4050378956754347,0.492627345844504
2026-03-13,127,213,0.3666963887650468,0.46146973419700693
2026-03-16,170,129,0.35399019170753454,0.454768818405182
2026-03-17,80,344,0.2518386449743704,0.36371760500446826
2026-03-18,255,48,0.2878787878787879,0.3999106344950849
2026-03-19,66,364,0.18805704099821746,0.2824291136414378
2026-03-20,96,401,0.14327094474153299,0.22214780084840366
2026-03-23,65,2732,0.07774560035642682,0.13214285714285715
2026-03-24,958,9,0.12369066191219077,0.18106720250055816
2026-03-25,321,13,0.1718297303320704,0.22438044206296048
2026-03-26,100,222,0.1531772575250836,0.19968729059638152
2026-03-27,278,32,0.19727739343896453,0.22512854907221105
2026-03-30,187,112,0.2252232142857143,0.23613595706618962
2026-03-31,83,305,0.17853157777281856,0.1898054996646546
2026-04-01,344,52,0.2394020526550647,0.23066607063030845
2026-04-02,97,212,0.20593485051316376,0.2053631284916201
2026-04-03,108,389,0.15461847389558234,0.15307262569832403
2026-04-07,316,41,0.19625334522747548,0.18159481795845434
2026-04-08,1319,41,0.48405797101449277,0.26172398392139345
2026-04-09,143,65,0.37449843958983503,0.24224157177941505
2026-04-10,185,45,0.506797414753733,0.26339285714285715
2026-04-13,210,60,0.5037878787878788,0.2666815442981477
2026-04-14,243,18,0.627311205168189,0.2991967871485944
2026-04-15,166,80,0.6153331847559617,0.30513392857142857
2026-04-16,295,25,0.7564616755793226,0.3471664435519857
2026-04-17,214,36,0.7127256518832182,0.35542168674698793
2026-04-20,247,48,0.7438127090301003,0.3892857142857143
2026-04-21,160,86,0.6775128147983063,0.38732708612226685
2026-04-22,247,48,0.6645118145341061,0.40191921446105777
2026-04-23,152,245,0.5670011148272018,0.36941964285714285
2026-04-24,169,200,0.5256353098528757,0.357652833556448
2026-04-27,318,118,0.5744538564422649,0.39468987059348504
2026-04-28,163,242,0.4956560481176209,0.3649341958509926
2026-04-29,355,74,0.5854310536867899,0.42318840579710143
2026-04-30,285,113,0.5929144385026738,0.4414715719063545
2026-05-06,427,21,0.6592377980833519,0.5033452274754683
2026-05-07,406,65,0.6760971263087547,0.5343290236290682
2026-05-08,310,44,0.7106904231625836,0.5744538564422649
2026-05-11,392,51,0.7182000445533526,0.6080267558528428
2026-05-12,183,116,0.629596612435926,0.5589022757697456
2026-05-13,346,39,0.6407572383073497,0.5817168338907469
2026-05-14,151,405,0.5077951002227171,0.5108138238573021
2026-05-15,206,215,0.45657015590200445,0.4907469342251951
2026-05-18,272,126,0.4520365012241264,0.4967684421662581
2026-05-19,303,61,0.488750278458454,0.519518179790319
2026-05-20,223,157,0.4187444345503117,0.4790459206419973
2026-05-21,106,934,0.2933066488770291,0.3940744040989084
2026-05-22,467,41,0.3485320284697509,0.4362745098039216
2026-05-25,372,151,0.3497887480542584,0.4301626197371352
2026-05-26,173,295,0.303245887060916,0.39474270438850523
2026-05-27,147,445,0.23971536579942185,0.3480392156862745
2026-05-28,325,91,0.2448298865910607,0.35450089126559714
2026-05-29,142,1058,0.17704626334519574,0.2935145977267662
2026-06-01,370,273,0.19496995326062763,0.31489741302408564
2026-06-02,225,154,0.17787177203918075,0.29333035913450817
2026-06-03,242,96,0.17259786476868327,0.2819255627367952
2026-06-04,230,184,0.16948398576512455,0.26253621573434366
2026-06-05,224,220,0.16625916870415647,0.2633103141011361
2026-06-08,131,968,0.12516674077367718,0.21096012474938738
2026-06-09,513,72,0.15454747609517455,0.23306595365418895
2026-06-10,186,426,0.15239154616240266,0.2113241194828355
2026-06-11,233,269,0.14543028685790527,0.20102518386449744
